2.28282122,-1.50977305,-1.54119342,-0.58648634,-1.62099664,-1.70405485,-1.70512319,-1.21263150,-1.66748309,-0.26900988,-1.72023290,-1.89263252,-1.59740259,-1.74816990,-1.61503063,-1.92586550,-1.81363744,-1.41217060,1.70463671,1.53327494,0.72775530,1.51707129,1.71889736,2.02259978,1.23998604,1.86415330,0.42928179,1.55725788,1.89442107,1.83309469,1.33705181,1.61616433,1.59749749,1.30370796,1.41373359,-2.22996195,-1.40910909,-0.86830686,-1.52996253,-2.07999653,-2.65729971,-2.06816960,-1.58963480,-0.88441067,-1.58560910,-1.86073713,-2.75459128,-1.17511646,-1.45243258,-1.15818897,-1.14764214,-1.40661617
2.46585534,-1.52313959,-1.62212439,-1.11614785,-1.68340089,-1.72135148,-1.71527966,-1.24465744,-1.70170475,-0.81291774,-1.70324341,-1.91107524,-1.62217802,-1.73350334,-1.75589825,-1.92498355,-1.85044127,-1.41425319,1.72729071,1.73294574,1.30313726,1.60126175,1.72867254,2.01173042,1.25907279,2.01898437,0.94640548,1.59514392,1.90665296,1.82332454,1.33889966,1.70526496,1.61070029,1.29321541,1.41566823,-2.26166664,-1.65775604,-1.41629112,-1.57321521,-2.07500894,-2.61787129,-2.06671020,-1.81416965,-1.33482911,-1.67384400,-1.84596647,-2.67062797,-1.22419931,-1.43665826,-1.17663740,-1.09768487,-1.40882959
2.25376341,-1.50737666,-1.52511726,-0.50164864,-1.60914419,-1.70126508,-1.70379071,-1.20719724,-1.66015455,-0.17983194,-1.71905908,-1.88952969,-1.59351686,-1.75083655,-1.59176975,-1.92491300,-1.80789370,-1.41179195,1.69990125,1.49579873,0.63590900,1.50263555,1.71736726,2.02441842,1.23626276,1.83679165,0.35221397,1.54822800,1.89229703,1.83423183,1.33626375,1.59699722,1.59333771,1.30462789,1.41329072,-2.22324404,-1.36203180,-0.77196978,-1.52311026,-2.08104044,-2.66282619,-2.06746506,-1.55381263,-0.82828140,-1.57222123,-1.86296232,-2.76646135,-1.16707397,-1.45170078,-1.15519809,-1.15484135,-1.40615163
2.24145752,-1.50641810,-1.51924915,-0.46420555,-1.60485118,-1.70009043,-1.70305044,-1.20495107,-1.65753721,-0.14239272,-1.72020201,-1.88827460,-1.59177605,-1.75172543,-1.58171294,-1.92501883,-1.80533280,-1.41162967,1.69836623,1.48170130,0.59863478,1.49693388,1.71664582,2.02494532,1.23476364,1.82600551,0.31853899,1.54538542,1.89136843,1.83484682,1.33605542,1.59055164,1.59273861,1.30544116,1.41319748,-2.22092418,-1.34408821,-0.73791522,-1.52049987,-2.08131109,-2.66547333,-2.06741474,-1.53797886,-0.79630959,-1.56589509,-1.86388308,-2.77222182,-1.16358495,-1.45292045,-1.15385639,-1.15828065,-1.40598767
2.29055600,-1.51027895,-1.54366903,-0.61094915,-1.62289428,-1.70478901,-1.70571541,-1.21398403,-1.66843187,-0.29187045,-1.71773081,-1.89332979,-1.59855277,-1.74785244,-1.62139753,-1.92530105,-1.81535690,-1.41225174,1.70503803,1.53989871,0.74978997,1.52008405,1.71948403,2.02208138,1.24046615,1.86992543,0.45211367,1.55776003,1.89490138,1.83247970,1.33725109,1.61816984,1.59723751,1.30272137,1.41374913,-2.23068691,-1.41788370,-0.88363706,-1.53141274,-2.08011252,-2.65525630,-2.06781733,-1.60002139,-0.91276556,-1.59013302,-1.86012328,-2.75028547,-1.17727492,-1.45012877,-1.15905549,-1.14516468,-1.40667083
2.22743638,-1.50503352,-1.50867433,-0.42563086,-1.59710509,-1.69868086,-1.70281356,-1.20214941,-1.65243341,-0.09775722,-1.71507427,-1.88660116,-1.59009742,-1.75369367,-1.57075175,-1.92311383,-1.80284507,-1.41141330,1.69502532,1.45838997,0.55035642,1.48871012,1.71619392,2.02560819,1.23234351,1.81048105,0.28551869,1.53790685,1.89052522,1.83496285,1.33554817,1.57600420,1.58883881,1.30553449,1.41277792,-2.21580117,-1.31495451,-0.67444476,-1.51665680,-2.08254832,-2.66733097,-2.06615663,-1.52182196,-0.79126376,-1.56104015,-1.86503404,-2.77612033,-1.15974111,-1.44842124,-1.15254263,-1.16078726,-1.40563243
2.17513623,-1.50223773,-1.49886359,-0.24547139,-1.58948343,-1.69368863,-1.69745402,-1.19333382,-1.64925989,0.05413994,-1.74516112,-1.88210379,-1.58145555,-1.75350320,-1.52318089,-1.93186272,-1.78982105,-1.41087237,1.69395181,1.42726771,0.41471786,1.47084946,1.71092183,2.02907550,1.23015852,1.77446982,0.12074452,1.54357406,1.88592492,1.84031207,1.33418945,1.57505632,1.59679666,1.31064077,1.41295662,-2.21647780,-1.27048989,-0.62839757,-1.50980453,-2.07887529,-2.68335312,-2.07068580,-1.44426880,-0.52584419,-1.52426028,-1.86821837,-2.81120687,-1.14401095,-1.47677166,-1.14608568,-1.18116074,-1.40571441
2.16541371,-1.50109278,-1.48951130,-0.22040949,-1.58304391,-1.69274891,-1.69748363,-1.19118427,-1.64467955,0.08621298,-1.73913758,-1.88088357,-1.58039863,-1.75505874,-1.51601813,-1.92964022,-1.78828450,-1.41071009,1.69118277,1.40734245,0.38076864,1.46453934,1.71063642,2.02950042,1.22785597,1.76275325,0.10107351,1.53621207,1.88551932,1.84019603,1.33389054,1.56297336,1.59280643,1.31061411,1.41255260,-2.21178976,-1.24589139,-0.57788142,-1.50701286,-2.08007386,-2.68409617,-2.06937737,-1.43402071,-0.53419437,-1.52146501,-1.86902404,-2.81289428,-1.14149767,-1.47140513,-1.14513531,-1.18232660,-1.40538649
2.15743740,-1.50109278,-1.49323999,-0.18619483,-1.58509709,-1.69195603,-1.69597349,-1.19019402,-1.64680613,0.10668513,-1.75158624,-1.88043035,-1.57865782,-1.75397939,-1.50690189,-1.93376772,-1.78565043,-1.41065600,1.69305890,1.41221247,0.36525201,1.46366593,1.70928867,2.03021428,1.22882598,1.75984133,0.06795092,1.54295533,1.88466544,1.84173930,1.33345575,1.56997768,1.59796095,1.31205400,1.41280123,-2.21512455,-1.25047588,-0.59875539,-1.50719414,-2.07810202,-2.68809010,-2.07149099,-1.41869473,-0.45310387,-1.51300564,-1.86936932,-2.82156408,-1.13862958,-1.48314101,-1.14396132,-1.18722323,-1.40563243
2.17652489,-1.50167857,-1.49140621,-0.25941686,-1.58456824,-1.69380609,-1.69869767,-1.19306815,-1.64530117,0.05404689,-1.73231089,-1.88182488,-1.58226378,-1.75521747,-1.52650904,-1.92759411,-1.79110150,-1.41081828,1.69119280,1.41352103,0.40944010,1.46815073,1.71200796,2.02862509,1.22827728,1.77067916,0.13647725,1.53465179,1.88651196,1.83900087,1.33421663,1.56312302,1.59088479,1.30937420,1.41249044,-2.21149977,-1.25486319,-0.58568795,-1.50824555,-2.08100178,-2.68065954,-2.06832057,-1.45087005,-0.59358334,-1.52955658,-1.86841019,-2.80521364,-1.14492756,-1.46492736,-1.14650497,-1.17789632,-1.40535917
2.22313255,-1.50498027,-1.50995798,-0.40868995,-1.59803835,-1.69826974,-1.70207329,-1.20154560,-1.65331676,-0.08631143,-1.72106693,-1.88635712,-1.58925810,-1.75309050,-1.56666391,-1.92491300,-1.80152803,-1.41138625,1.69556709,1.45973900,0.54255853,1.48791522,1.71542491,2.02602461,1.23264725,1.80920602,0.26932565,1.54085703,1.88999154,1.83579830,1.33551193,1.58030457,1.59118999,1.30626777,1.41287893,-2.21725108,-1.31589113,-0.68434435,-1.51658429,-2.08165906,-2.66928149,-2.06721344,-1.51443594,-0.75250465,-1.55670012,-1.86526423,-2.78042614,-1.15844012,-1.45392328,-1.15189973,-1.16323558,-1.40574174
2.37620613,-1.51560427,-1.57056452,-0.87631243,-1.64330165,-1.71286468,-1.71214093,-1.22840295,-1.67795243,-0.54383301,-1.68996071,-1.90145295,-1.61104928,-1.74407469,-1.68824996,-1.91940966,-1.83408808,-1.41311723,1.71160949,1.61164044,0.99800327,1.55429409,1.72552514,2.01658297,1.24667816,1.93238511,0.70242556,1.56151725,1.90118810,1.82571486,1.33800291,1.63573055,1.59597148,1.29625519,1.41414538,-2.23837143,-1.51193968,-1.05696459,-1.54899661,-2.08069247,-2.63310394,-2.06399270,-1.71261195,-1.21761404,-1.63923414,-1.85352444,-2.70292155,-1.20048579,-1.42559997,-1.16867103,-1.11732968,-1.40719002
2.42014919,-1.51911898,-1.59391469,-0.99776115,-1.66150030,-1.71703466,-1.71394718,-1.23627659,-1.68845449,-0.67594043,-1.69314238,-1.90612464,-1.61661365,-1.73937631,-1.72138677,-1.92131466,-1.84235614,-1.41365816,1.71872273,1.66720722,1.14428972,1.57679657,1.72734064,2.01416094,1.25233168,1.97323804,0.82231339,1.57546111,1.90400592,1.82412518,1.33841958,1.66547399,1.60215465,1.29449532,1.41476695,-2.24876245,-1.57977041,-1.21977028,-1.56056207,-2.07825667,-2.62502320,-2.06494886,-1.76385243,-1.28977387,-1.65744018,-1.84980301,-2.68569831,-1.21219471,-1.42825612,-1.17272410,-1.10701178,-1.40790050
2.17466743,-1.50189158,-1.49492096,-0.24843356,-1.58687029,-1.69362989,-1.69795740,-1.19299569,-1.64723145,0.05745891,-1.73953915,-1.88189461,-1.58164206,-1.75432859,-1.52379588,-1.92992244,-1.79018689,-1.41081828,1.69270775,1.41959170,0.40908385,1.46923022,1.71132615,2.02893103,1.22928649,1.77176467,0.12496924,1.53950300,1.88613839,1.83983632,1.33429815,1.56934909,1.59415158,1.31014748,1.41270799,-2.21406128,-1.26186316,-0.60673163,-1.50893440,-2.07980321,-2.68237786,-2.06962900,-1.44583833,-0.55312739,-1.52598893,-1.86837183,-2.80899577,-1.14415879,-1.47159486,-1.14611364,-1.17999487,-1.40552313
2.33906938,-1.51230257,-1.54611408,-0.77603154,-1.62416974,-1.70919392,-1.71125261,-1.22144709,-1.66617442,-0.42925100,-1.67918011,-1.89716476,-1.60657292,-1.74937624,-1.65967127,-1.91556439,-1.82753949,-1.41260335,1.70360334,1.55530470,0.86561053,1.53300850,1.72471649,2.01863956,1.24092666,1.89285890,0.60725180,1.54395068,1.89882925,1.82648069,1.33725109,1.59912247,1.58781016,1.29725511,1.41341503,-2.22614386,-1.44371459,-0.88674836,-1.53830127,-2.08397887,-2.63863042,-2.06132552,-1.67051167,-1.19439430,-1.62676577,-1.85682386,-2.71420976,-1.19019613,-1.41619500,-1.16556834,-1.12435401,-1.40634291
2.19455363,-1.50383532,-1.50885771,-0.30534704,-1.59663845,-1.69556806,-1.69857923,-1.19698082,-1.65390566,-0.00541541,-1.74398730,-1.88409100,-1.58422219,-1.75216988,-1.53982165,-1.93179216,-1.79391849,-1.41111579,1.69682119,1.45068697,0.47264133,1.48006438,1.71216652,2.02820867,1.23239250,1.79218252,0.17314942,1.54870325,1.88757932,1.83938379,1.33484164,1.58606169,1.59836788,1.30986750,1.41319748,-2.22024756,-1.30065879,-0.68202502,-1.51357509,-2.07872063,-2.67931275,-2.07083677,-1.46961207,-0.57567734,-1.53441152,-1.86691394,-2.80230431,-1.14962886,-1.47525385,-1.14821005,-1.17576862,-1.40598767
2.13045118,-1.49869639,-1.47676651,-0.10445243,-1.57355573,-1.68937181,-1.69470023,-1.18483222,-1.63888870,0.19096216,-1.74976373,-1.87757155,-1.57495861,-1.75620159,-1.48396659,-1.93274466,-1.78012620,-1.41025030,1.68826323,1.37477673,0.28322234,1.45030969,1.70791713,2.03159101,1.22500471,1.73323782,-0.00082092,1.53331569,1.88261612,1.84263277,1.33240501,1.55053120,1.59406115,1.31317392,1.41231174,-2.20845496,-1.20256057,-0.51407154,-1.50175583,-2.07879796,-2.69305929,-2.07048450,-1.38430360,-0.39996637,-1.49976489,-1.87117250,-2.83250317,-1.13094190,-1.48208397,-1.14091453,-1.19395609,-1.40516789
2.27543765,-1.50894763,-1.53446955,-0.56811427,-1.61605034,-1.70332070,-1.70515280,-1.21108575,-1.66414598,-0.24512570,-1.71559940,-1.89169121,-1.59659436,-1.74947148,-1.60945960,-1.92434855,-1.81250333,-1.41203537,1.70226898,1.51870536,0.70064079,1.51213507,1.71888150,2.02292272,1.23849673,1.85529695,0.41305806,1.55186864,1.89405817,1.83290903,1.33679818,1.60614675,1.59477329,1.30334799,1.41350827,-2.22657883,-1.39160915,-0.82718117,-1.52764218,-2.08092445,-2.65785700,-2.06721344,-1.58201798,-0.89115333,-1.58377010,-1.86131261,-2.75581320,-1.17313541,-1.44839414,-1.15757402,-1.14851654,-1.40637024
2.30615001,-1.51131739,-1.54944545,-0.65917584,-1.62721840,-1.70628668,-1.70681100,-1.21666493,-1.67075475,-0.33827399,-1.71386957,-1.89486378,-1.60082204,-1.74702705,-1.63395045,-1.92445439,-1.81875925,-1.41244107,1.70647271,1.55442783,0.79585167,1.52671801,1.72047503,2.02122305,1.24193587,1.88229676,0.49716367,1.55948172,1.89624625,1.83152821,1.33728732,1.62315868,1.59755401,1.30180144,1.41385013,-2.23252346,-1.43696109,-0.91916242,-1.53460322,-2.08007386,-2.65149458,-2.06736441,-1.62051758,-0.96371504,-1.59877629,-1.85897232,-2.74208115,-1.18162142,-1.44660529,-1.16078852,-1.14029720,-1.40678013
2.28706869,-1.50966654,-1.53777036,-0.60545750,-1.61853905,-1.70443661,-1.70612996,-1.21306624,-1.66532378,-0.27937003,-1.71096591,-1.89277198,-1.59836625,-1.74915402,-1.61900994,-1.92318439,-1.81513740,-1.41217060,1.70324216,1.52797323,0.73305946,1.51665912,1.71984872,2.02222585,1.23907482,1.86353301,0.44765368,1.55190451,1.89488003,1.83202716,1.33697934,1.60788286,1.59406115,1.30246805,1.41347719,-2.22725546,-1.40373587,-0.84652778,-1.52974499,-2.08123376,-2.65469901,-2.06655923,-1.59794407,-0.93777144,-1.59094218,-1.86050693,-2.74894717,-1.17641745,-1.44419307,-1.15897163,-1.14452346,-1.40642489
2.45945043,-1.53099443,-1.67185048,-1.84920018,-1.66961970,-1.58579764,-0.53141453,-1.57634084,-1.74616673,-1.51194868,-1.58891956,-1.83496853,-0.39316769,-1.90235932,-1.88345327,-1.93150994,-1.45584274,-1.41387453,1.56939496,1.83474398,2.12406723,1.59202720,1.41837197,0.61230285,1.41805716,2.14095735,1.70280359,1.57322830,1.62749676,0.59343439,1.45152781,1.68871200,1.62494304,1.32925271,1.42513166,-1.78198827,-1.70887556,-2.07565982,-1.53402313,-1.55869668,-1.23560090,-1.52074444,-1.97878545,-2.29782347,-1.76759588,-1.42141574,-1.52545696,-1.23788928,-1.38735672,-1.11050258,-1.34971554,-1.42000600
2.42430369,-1.54662423,-1.67304244,-1.84663741,-1.66171806,-1.56694461,-0.33337821,-1.65372477,-1.76049664,-1.50645842,-1.58802375,-1.81680473,-0.19138941,-1.94969233,-1.87864192,-1.93584910,-1.37832055,-1.41422614,1.54212589,1.82150994,2.12673250,1.57151688,1.36789461,0.40860651,1.47796289,2.15120935,1.70288542,1.57080718,1.58136565,0.41884808,1.49185438,1.68694595,1.62917065,1.36469006,1.42819290,-1.66058252,-1.67722779,-2.08957580,-1.50994955,-1.46725752,-0.97906073,-1.44530867,-1.95953565,-2.30961196,-1.75843769,-1.35523555,-1.34315825,-1.24084608,-1.39215406,-1.09456984,-1.42575902,-1.42303921
2.36358392,-1.54912713,-1.67108640,-1.84217752,-1.64327054,-1.52653688,-0.02741092,-1.72603673,-1.77171847,-1.49684271,-1.57863320,-1.78532312,0.12835969,-2.00543798,-1.87003213,-1.93743660,-1.24570237,-1.41392863,1.48713627,1.79702494,2.13161443,1.53942656,1.27996554,0.11659559,1.51063964,2.14557506,1.70255808,1.55997491,1.50590360,0.13315822,1.53346719,1.68249590,1.62866198,1.36046371,1.43107544,-1.49804767,-1.62724207,-2.11293881,-1.47775476,-1.31844174,-0.63316805,-1.30228769,-1.92200547,-2.32894687,-1.74265913,-1.24969253,-1.05833471,-1.23537600,-1.39939074,-1.06916132,-1.51209126,-1.42629102
2.44009314,-1.54095277,-1.67273681,-1.84783559,-1.66557555,-1.57590127,-0.42031521,-1.62223019,-1.75477122,-1.50893989,-1.58895045,-1.82503248,-0.28073016,-1.92972422,-1.88077628,-1.93426160,-1.41340492,-1.41411795,1.55504810,1.82751315,2.12550542,1.58060423,1.39075093,0.49694660,1.45476093,2.14779776,1.70301840,1.57257370,1.60201898,0.49710211,1.47513316,1.68772421,1.62773507,1.35286428,1.42687206,-1.71311757,-1.69122774,-2.08329664,-1.52031859,-1.50808617,-1.08926526,-1.47988131,-1.96835271,-2.30434286,-1.76259382,-1.38450830,-1.42368855,-1.23998861,-1.39006708,-1.10161379,-1.39407667,-1.42178220
2.40271494,-1.52548273,-1.66958881,-1.84530610,-1.65250986,-1.54723997,-0.26290476,-1.62667421,-1.75251377,-1.50329454,-1.58076461,-1.80836779,-0.11044185,-1.94286698,-1.87563935,-1.93288577,-1.34356544,-1.41330656,1.52205032,1.81506155,2.12797278,1.56510863,1.34081268,0.34868483,1.43111806,2.12939585,1.70224097,1.56513997,1.56088309,0.33711300,1.47803175,1.68436173,1.62398222,1.31872017,1.42702745,-1.66116249,-1.66776304,-2.09608124,-1.50933321,-1.43280835,-0.95082460,-1.39141160,-1.94388653,-2.31474710,-1.75479649,-1.32960751,-1.28968474,-1.22771790,-1.39342793,-1.08858808,-1.41649040,-1.42219210
2.34082447,-1.54079301,-1.66916093,-1.84048010,-1.63512004,-1.50874104,0.07427220,-1.73028753,-1.77073697,-1.49321356,-1.57322745,-1.77416684,0.23569914,-2.01527919,-1.86670398,-1.93634299,-1.19971588,-1.41346884,1.46588687,1.78862044,2.13292068,1.52935786,1.24771458,0.02811954,1.49664792,2.13428924,1.70201593,1.55480985,1.47974272,0.03643141,1.53676433,1.68029084,1.62597168,1.33975859,1.43129299,-1.46001172,-1.61112241,-2.12108475,-1.47003237,-1.26810187,-0.54149349,-1.24481761,-1.90626402,-2.33560022,-1.73725249,-1.21389768,-0.96762176,-1.22827969,-1.40161324,-1.06049615,-1.52806360,-1.42670092
2.45120171,-1.54252374,-1.67325638,-1.84856781,-1.66902863,-1.58356582,-0.47145288,-1.61372858,-1.75382244,-1.51061489,-1.59071118,-1.83015739,-0.33513040,-1.92242268,-1.88233182,-1.93408522,-1.43517260,-1.41422614,1.56421805,1.83146582,2.12464778,1.58588392,1.40575065,0.54752862,1.45373213,2.15062352,1.70317184,1.57415191,1.61486994,0.54751933,1.47047731,1.68839271,1.62796115,1.35646401,1.42667005,-1.73539785,-1.69901644,-2.07944994,-1.52488677,-1.53201887,-1.14239378,-1.50514398,-1.97523093,-2.30103852,-1.76505807,-1.40207962,-1.46878318,-1.24217664,-1.38890162,-1.10577866,-1.38212656,-1.42139964
2.42304575,-1.53022226,-1.67084190,-1.84670397,-1.65913603,-1.56192301,-0.35534935,-1.61532263,-1.75169585,-1.50642740,-1.58444051,-1.81785063,-0.20861097,-1.93137500,-1.87846104,-1.93295633,-1.38333261,-1.41360407,1.53987855,1.82234634,2.12653459,1.57456889,1.36854470,0.43675296,1.43414568,2.13630518,1.70248648,1.56875371,1.58406606,0.42679648,1.47168204,1.68586836,1.62501086,1.32913272,1.42660012,-1.69876347,-1.68191087,-2.08884040,-1.51705561,-1.47684606,-1.04226695,-1.43906849,-1.95685822,-2.30880820,-1.75935719,-1.36148910,-1.37009866,-1.23262618,-1.39139516,-1.09619107,-1.39748682,-1.42161825
2.42115159,-1.53749132,-1.67175879,-1.84650428,-1.65957155,-1.56253970,-0.33367432,-1.63483768,-1.75591631,-1.50605518,-1.58573789,-1.81621205,-0.18859168,-1.94147017,-1.87817164,-1.93433216,-1.37612549,-1.41384749,1.53872478,1.82115919,2.12670611,1.57208606,1.36493748,0.41259223,1.45442780,2.14231854,1.70261946,1.56937244,1.57996741,0.41226889,1.48200825,1.68612778,1.62678556,1.34469156,1.42746255,-1.67624154,-1.67791793,-2.09008492,-1.51277747,-1.46706420,-1.00135242,-1.43614969,-1.95648892,-2.30992453,-1.75836413,-1.35462170,-1.34734769,-1.23587866,-1.39201854,-1.09445803,-1.41325513,-1.42238338
2.42683852,-1.53778421,-1.67194217,-1.84690367,-1.66128254,-1.56635729,-0.36106421,-1.62923435,-1.75516382,-1.50692369,-1.58654103,-1.81896625,-0.21740827,-1.93702575,-1.87900367,-1.93415577,-1.38775931,-1.41390158,1.54359068,1.82300737,2.12628389,1.57481423,1.37286544,0.43948943,1.45264454,2.14321451,1.70261946,1.57001807,1.58692657,0.43833036,1.47894662,1.68645704,1.62704554,1.34578481,1.42716730,-1.68929073,-1.68220665,-2.08804844,-1.51542411,-1.47997781,-1.03107467,-1.44918363,-1.95999728,-2.30818305,-1.75972499,-1.36402121,-1.37190245,-1.23673613,-1.39136806,-1.09672216,-1.40611421,-1.42213744
2.42111306,-1.54846147,-1.67319525,-1.84640443,-1.66100256,-1.56532948,-0.31448659,-1.66186410,-1.76206705,-1.50596212,-1.58796197,-1.81502669,-0.17217835,-1.95467643,-1.87817164,-1.93627244,-1.37074760,-1.41428023,1.53909599,1.81995855,2.12703597,1.56939715,1.36337567,0.38920484,1.48469420,2.15251885,1.70282405,1.57067267,1.57698949,0.40226667,1.49620226,1.68653686,1.62950976,1.36839645,1.42848037,-1.64777499,-1.67407288,-2.09087689,-1.50744793,-1.45832625,-0.95351817,-1.43841428,-1.95787380,-2.31072829,-1.75751820,-1.34886690,-1.32523677,-1.24146701,-1.39264193,-1.09306042,-1.43351202,-1.42336712
2.37933022,-1.53437601,-1.66992501,-1.84347555,-1.64650586,-1.53370221,-0.13113718,-1.67340889,-1.76105283,-1.49951029,-1.57897299,-1.79546835,0.02388013,-1.97343820,-1.87227502,-1.93496716,-1.28916455,-1.41346884,1.50199481,1.80511915,2.12996513,1.55157574,1.30588206,0.21995221,1.46476482,2.13446154,1.70221029,1.56212702,1.52962025,0.22153050,1.50362988,1.68300477,1.62591517,1.33470564,1.42892324,-1.57977424,-1.64582650,-2.10558484,-1.49341709,-1.36974819,-0.78442644,-1.33771583,-1.93022241,-2.32274005,-1.74821289,-1.28487354,-1.16452531,-1.22919629,-1.39665327,-1.07771468,-1.46426169,-1.42413225
2.38424054,-1.51914561,-1.66824404,-1.84400807,-1.64613255,-1.53332045,-0.18079431,-1.63261567,-1.75225204,-1.50044085,-1.57696514,-1.79982627,-0.02302842,-1.95127962,-1.87299853,-1.93249772,-1.30771281,-1.41295495,1.50504477,1.80851872,2.12938458,1.55745406,1.31553040,0.27236138,1.42346572,2.12193515,1.70177042,1.56167866,1.53993090,0.25753617,1.48136512,1.68246597,1.62234317,1.30480121,1.42728385,-1.63085938,-1.65524196,-2.10253011,-1.50302477,-1.39313961,-0.87433624,-1.34707610,-1.93179194,-2.32006085,-1.75067714,-1.30110207,-1.21927892,-1.22233652,-1.39521678,-1.08179570,-1.43053907,-1.42254734
2.49831687,-1.53237902,-1.67279793,-1.85176295,-1.68035223,-1.61093501,-0.71547460,-1.53549931,-1.74057218,-1.51771810,-1.59305882,-1.85229562,-0.58692582,-1.87302619,-1.88866255,-1.92960494,-1.52996258,-1.41417205,1.59951334,1.84739794,2.12113807,1.60997619,1.46994338,0.80293726,1.40094963,2.14616089,1.70335597,1.57746974,1.67315824,0.77128129,1.43173591,1.69141594,1.62431003,1.32842611,1.42361658,-1.86516474,-1.73623461,-2.06197011,-1.55117193,-1.64220982,-1.43655118,-1.60543984,-2.00168210,-2.28634756,-1.77576101,-1.48368267,-1.68459738,-1.24400985,-1.38312855,-1.12523337,-1.30002058,-1.41836643
2.35465609,-1.53695879,-1.66931375,-1.84157843,-1.63910196,-1.51743340,-0.00236027,-1.70635261,-1.76645108,-1.49553994,-1.57523530,-1.78215055,0.15705193,-1.99823168,-1.86876599,-1.93570799,-1.23337346,-1.41341474,1.47901976,1.79493393,2.13189152,1.53764049,1.26915180,0.09946297,1.48136284,2.13313481,1.70208753,1.55764346,1.49835740,0.10455558,1.52265185,1.68127863,1.62580213,1.33575889,1.43029070,-1.50805205,-1.62443222,-2.11537128,-1.47935000,-1.30649472,-0.63567586,-1.27843408,-1.91475794,-2.33082231,-1.74144539,-1.24044648,-1.04291526,-1.22768833,-1.39968888,-1.06695310,-1.50247288,-1.42563519
2.37612064,-1.52556261,-1.66873305,-1.84334242,-1.64448379,-1.52938539,-0.12947898,-1.65628492,-1.75689781,-1.49910705,-1.57693425,-1.79491054,0.02816998,-1.96572397,-1.87184091,-1.93369716,-1.28704266,-1.41311723,1.49868399,1.80479538,2.12996513,1.55187014,1.30269502,0.22180485,1.44317955,2.12619102,1.70183180,1.56074608,1.52827538,0.21475406,1.49432723,1.68204691,1.62375615,1.31716029,1.42821621,-1.59432166,-1.64636875,-2.10615053,-1.49599122,-1.36874294,-0.80309573,-1.32865750,-1.92726800,-2.32309728,-1.74813933,-1.28383767,-1.16848200,-1.22437671,-1.39651775,-1.07754697,-1.45298195,-1.42350375
2.42879391,-1.53639963,-1.67185048,-1.84703680,-1.66168695,-1.56729701,-0.37302693,-1.62372763,-1.75408417,-1.50723388,-1.58651014,-1.82004702,-0.22940741,-1.93375594,-1.87925690,-1.93387355,-1.39233235,-1.41387453,1.54520595,1.82376283,2.12631028,1.57620775,1.37562438,0.45173551,1.44785326,2.14235300,1.70259900,1.57031399,1.58966968,0.44844862,1.47615673,1.68669651,1.62672904,1.34266504,1.42700414,-1.69741022,-1.68417847,-2.08719990,-1.51701935,-1.48554535,-1.04760767,-1.45336052,-1.96101286,-2.30746860,-1.76027669,-1.36797284,-1.38313247,-1.23632218,-1.39106992,-1.09770048,-1.40095527,-1.42191883
2.35754430,-1.53304468,-1.66897755,-1.84184469,-1.63959971,-1.51846121,-0.02341348,-1.69401079,-1.76386646,-1.49603623,-1.57514263,-1.78424235,0.13616223,-1.99086666,-1.86920010,-1.93510827,-1.24219028,-1.41327951,1.48193930,1.79675513,2.13157485,1.54037847,1.27416227,0.12030086,1.46988924,2.13022290,1.70183180,1.55803801,1.50305376,0.12189122,1.51567713,1.68124870,1.62505608,1.32893274,1.42980898,-1.52641757,-1.62827727,-2.11395706,-1.48275801,-1.31697253,-0.66837034,-1.28487556,-1.91623514,-2.32952736,-1.74258557,-1.24754407,-1.06537529,-1.22597338,-1.39914680,-1.06871409,-1.49163035,-1.42511600
2.32232859,-1.53557420,-1.66775503,-1.83904894,-1.62868052,-1.49455722,0.16052815,-1.73777474,-1.77093327,-1.49026681,-1.56902641,-1.76471887,0.32575486,-2.02546959,-1.86399082,-1.93570799,-1.16079015,-1.41314428,1.44794827,1.78126820,2.13413457,1.52062379,1.22072778,-0.04660623,1.48940710,2.12719037,1.70162721,1.55047874,1.45787260,-0.04319183,1.54180063,1.67844497,1.62445698,1.32559965,1.43158823,-1.42371565,-1.59697458,-2.12792961,-1.46278129,-1.22476010,-0.45892136,-1.19776461,-1.89361547,-2.34118189,-1.73258145,-1.18358907,-0.88918619,-1.22340097,-1.40351049,-1.05311678,-1.54415252,-1.42719279
2.32270789,-1.53751794,-1.66799953,-1.83908223,-1.62899160,-1.49526200,0.16162375,-1.74185648,-1.77188205,-1.49029783,-1.56933531,-1.76464915,0.32656309,-2.02753307,-1.86406317,-1.93595494,-1.16038773,-1.41322542,1.44849004,1.78103886,2.13412137,1.52029995,1.22083085,-0.04837388,1.49427677,2.12894786,1.70186249,1.55086433,1.45796866,-0.04360955,1.54440935,1.67884408,1.62475088,1.32890607,1.43182909,-1.41931759,-1.59658021,-2.12792961,-1.46198367,-1.22406416,-0.45302335,-1.19892206,-1.89403094,-2.34122654,-1.73247111,-1.18324378,-0.88650960,-1.22455412,-1.40361891,-1.05300497,-1.54695060,-1.42735674
2.15364333,-1.52018404,-1.60378656,-1.68970929,-0.80868370,-0.80486540,-1.71729319,-1.26330301,-1.64814752,-1.50009964,-0.63290532,-1.01825957,-1.85398523,-1.69058300,-1.84731388,-1.68632945,-2.05019169,-1.41327951,1.67040490,1.85770457,1.74963618,0.70560826,0.69817971,1.76240658,1.27139883,2.18653137,1.56230364,0.58805672,0.91547447,1.84459376,1.36471518,1.67761682,1.77780389,1.53223750,1.42407498,-2.17496206,-1.93657188,-1.51127053,-0.70138184,-1.03213859,-2.02974227,-2.05669571,-2.26245458,-1.93997145,-0.78965600,-0.83323688,-1.99508123,-1.37097475,-1.29699315,-1.40959076,-1.03513626,-1.41935017
1.83546243,-1.48184177,-1.56344333,-1.55614566,-0.21127033,-0.25398705,-1.63482741,-1.21236583,-1.60541952,-1.46619652,-0.05056726,-0.39270638,-1.83698127,-1.67023393,-1.80943808,-1.50309671,-2.05403304,-1.40995279,1.61243555,1.82809323,1.51821938,0.13830641,0.18734125,1.60612240,1.21578468,2.16883590,1.49258048,0.10162685,0.28893669,1.69727568,1.36600143,1.65419922,1.65086258,1.52779783,1.42322032,-2.13015985,-1.95831124,-1.19024125,-0.11930155,-0.49452274,-1.81982888,-2.00793169,-2.32057328,-1.81119116,-0.38033286,-0.33724990,-1.65108189,-1.39823643,-1.27173255,-1.43555832,-0.99590493,-1.41921354
2.14791797,-1.50037387,-1.60653723,-1.68048997,-0.78927180,-0.82295490,-1.66289834,-1.23675964,-1.64160418,-1.50317047,-0.63821839,-0.97422715,-1.76405386,-1.68420209,-1.85679188,-1.66244640,-1.99238846,-1.41187309,1.66824785,1.86122555,1.74314453,0.66525493,0.71417042,1.75503854,1.23321554,2.16931835,1.58030727,0.62974482,0.87585422,1.73152922,1.34899941,1.67934296,1.63805541,1.41292644,1.41909464,-2.20705338,-1.93874089,-1.50889463,-0.64268436,-1.07354719,-2.11779443,-2.03193627,-2.25460694,-1.97573879,-0.93640767,-0.90639956,-1.98408396,-1.35456452,-1.30707571,-1.33364472,-0.99170782,-1.41424018
2.03693833,-1.49661952,-1.59116402,-1.63938579,-0.59154428,-0.62391159,-1.66002611,-1.23192918,-1.62953172,-1.49051495,-0.43221306,-0.77829509,-1.80157448,-1.67959894,-1.83960849,-1.61157585,-2.02183884,-1.41135921,1.64988788,1.84955639,1.66557458,0.47960214,0.52198860,1.70505989,1.23233371,2.17154105,1.54801326,0.43494331,0.67212805,1.73490584,1.35643610,1.67112136,1.66459666,1.46757568,1.42109144,-2.17849017,-1.94702255,-1.39977296,-0.46220503,-0.86491899,-2.00540717,-2.02861488,-2.27995020,-1.91411715,-0.72253274,-0.69784563,-1.86968905,-1.37209833,-1.29360519,-1.37814457,-0.99779946,-1.41650825
1.80801323,-1.49177348,-1.55656664,-1.54908972,-0.16522931,-0.17804636,-1.66461576,-1.22688135,-1.60705535,-1.45949654,0.01176874,-0.35090522,-1.89567136,-1.67572595,-1.79576372,-1.49431255,-2.09519041,-1.41071009,1.60199144,1.82107825,1.49892915,0.11173131,0.12329914,1.58676322,1.23802642,2.18048355,1.47191722,0.02080629,0.23716994,1.75604742,1.38099255,1.64764389,1.72121723,1.61820439,1.42728385,-2.08985237,-1.95431830,-1.15884543,-0.11121660,-0.40791652,-1.71770508,-2.01512804,-2.32911336,-1.77042264,-0.23096982,-0.22840747,-1.61989385,-1.41370048,-1.26102661,-1.49710899,-1.02919035,-1.42361306
2.01781979,-1.50029399,-1.58752701,-1.63352803,-0.55922224,-0.58256415,-1.67142622,-1.23697701,-1.62887739,-1.48722700,-0.39261210,-0.75043927,-1.82746900,-1.68055132,-1.83378423,-1.60642530,-2.03994808,-1.41157558,1.64631622,1.84631871,1.65255170,0.45456777,0.48359347,1.69640860,1.24068171,2.17577969,1.53759979,0.38934555,0.64049163,1.75889028,1.36192529,1.66880654,1.69828189,1.50491955,1.42262206,-2.16437772,-1.94746621,-1.37940811,-0.44342474,-0.81774953,-1.96333161,-2.03274146,-2.28590518,-1.89446967,-0.65011319,-0.64190898,-1.85019653,-1.37907638,-1.28875364,-1.40360899,-1.00919578,-1.41814782
1.78916919,-1.48695407,-1.55467173,-1.53917146,-0.12621887,-0.14959062,-1.65256421,-1.21987719,-1.60335837,-1.45775951,0.04639642,-0.30994077,-1.88270856,-1.67305931,-1.79511256,-1.48150672,-2.08739795,-1.41030439,1.59941301,1.81995855,1.48399307,0.07499919,0.09919813,1.57862182,1.22904154,2.17672736,1.47001456,0.00002052,0.20066637,1.73236467,1.37798527,1.64693548,1.69815755,1.59961912,1.42642142,-2.09367047,-1.95629012,-1.13831087,-0.06916035,-0.38421580,-1.72174545,-2.00929044,-2.33165231,-1.76792205,-0.22729184,-0.21010720,-1.59819024,-1.41272474,-1.26110792,-1.48746549,-1.01933880,-1.42273862
1.84289940,-1.49012263,-1.56258756,-1.56230297,-0.23055778,-0.25436881,-1.65676893,-1.22395893,-1.60928009,-1.46517291,-0.05903111,-0.41620428,-1.86943490,-1.67445612,-1.80487996,-1.51233949,-2.07598364,-1.41060190,1.61159280,1.82631251,1.52461867,0.16288936,0.18850666,1.60762660,1.23183400,2.17646890,1.48658609,0.09171819,0.30469086,1.73886263,1.37389101,1.65280235,1.69967225,1.57588756,1.42539582,-2.11266428,-1.95530421,-1.19680325,-0.15570196,-0.48764064,-1.78207233,-2.01608419,-2.32140421,-1.79882218,-0.32972377,-0.31457600,-1.65940257,-1.40459354,-1.26791093,-1.46616594,-1.01607438,-1.42150894
1.74345173,-1.47462597,-1.55033178,-1.51517461,-0.02978160,-0.07823104,-1.62277585,-1.20253584,-1.59429584,-1.45375814,0.12998472,-0.20949945,-1.85224442,-1.66639268,-1.79438904,-1.44975673,-2.06811801,-1.40930367,1.59360404,1.81726047,1.44789316,-0.01452985,0.03843027,1.55837881,1.20697616,2.16740579,1.46586145,-0.04945102,0.11375160,1.67702756,1.37082033,1.64539891,1.63976228,1.55524911,1.42427700,-2.10439980,-1.96126897,-1.08886953,0.03532769,-0.32308882,-1.73038348,-1.99519971,-2.33806891,-1.76207246,-0.21971518,-0.16717640,-1.54634596,-1.41021146,-1.26127054,-1.46353844,-0.99552603,-1.42057985
1.99717386,-1.49542132,-1.58547929,-1.62414230,-0.51921632,-0.55032019,-1.65949311,-1.23043174,-1.62531127,-1.48564506,-0.35696505,-0.70633713,-1.81578072,-1.67826562,-1.83295219,-1.59249058,-2.03307023,-1.41119693,1.64283485,1.84519901,1.63723298,0.41415556,0.45311837,1.68645706,1.23237290,2.17241979,1.53562553,0.36458736,0.59808558,1.73648392,1.35979664,1.66768904,1.67396748,1.48942738,1.42189171,-2.16655258,-1.94943803,-1.35932610,-0.39868559,-0.78863592,-1.96198482,-2.02700451,-2.28881342,-1.89107602,-0.64312501,-0.62076969,-1.82779467,-1.37866243,-1.28848260,-1.39550287,-1.00100559,-1.41743734
1.92028020,-1.48655467,-1.57569911,-1.59169163,-0.37303608,-0.41438459,-1.64101604,-1.21857296,-1.61503823,-1.47733213,-0.21490199,-0.55513475,-1.81519009,-1.67331327,-1.82376360,-1.54864031,-2.03570430,-1.41041258,1.62919028,1.83802214,1.58114353,0.27821823,0.32861760,1.64863102,1.21984110,2.16885313,1.51821520,0.24622151,0.44941361,1.70543294,1.36050317,1.66191196,1.64714364,1.49198718,1.42178294,-2.15548494,-1.95471266,-1.28109112,-0.25794216,-0.65505356,-1.90820613,-2.01598354,-2.30330848,-1.85874699,-0.53958969,-0.49876794,-1.74476236,-1.38567004,-1.28203193,-1.40386056,-0.99255307,-1.41751932
1.82048307,-1.48503696,-1.56023421,-1.55118653,-0.18489007,-0.21830726,-1.64462855,-1.21685815,-1.60525593,-1.46306366,-0.01797832,-0.36812771,-1.85808857,-1.67178947,-1.80368616,-1.49741699,-2.06925212,-1.41016916,1.60796093,1.82481508,1.50722843,0.12004339,0.15703264,1.59713967,1.22288832,2.17260933,1.48372187,0.06455682,0.26100399,1.71610816,1.37146345,1.65142543,1.67608129,1.56010208,1.42464994,-2.11503247,-1.95722674,-1.17304426,-0.10769982,-0.45566593,-1.78063266,-2.00994466,-2.32468176,-1.79417823,-0.31883693,-0.28933161,-1.63403320,-1.40426829,-1.26747727,-1.45839524,-1.00703893,-1.42077113
1.86828665,-1.48277370,-1.56845567,-1.56979158,-0.27376790,-0.31782891,-1.63479780,-1.21357344,-1.60882205,-1.47081826,-0.11531267,-0.45490261,-1.82479562,-1.67099583,-1.81576880,-1.52027699,-2.04433820,-1.41006097,1.61934813,1.83220779,1.54290613,0.19066172,0.24296385,1.62283860,1.21552013,2.16826730,1.50375091,0.16007448,0.35088601,1.69596448,1.36286733,1.65762156,1.64447595,1.50801265,1.42236566,-2.14243575,-1.95742392,-1.22604945,-0.16987782,-0.55885879,-1.85925730,-2.01039757,-2.31374122,-1.83159774,-0.44962613,-0.40438923,-1.68773946,-1.39252981,-1.27625886,-1.41940197,-0.99229075,-1.41825713
1.85891472,-1.48636829,-1.56607175,-1.56722881,-0.25846237,-0.29380746,-1.64513193,-1.21852466,-1.60924737,-1.46849188,-0.09372057,-0.44200316,-1.84462839,-1.67258312,-1.81110215,-1.51823088,-2.05842316,-1.41030439,1.61633830,1.82983349,1.53593948,0.18186877,0.22234322,1.61751015,1.22315287,2.17179951,1.49637556,0.13259925,0.33442739,1.71585289,1.36773152,1.65557614,1.67045201,1.53793041,1.42374089,-2.12977321,-1.95643801,-1.21484878,-0.16730369,-0.53133038,-1.82725944,-2.01341702,-2.31683411,-1.81784451,-0.39875958,-0.36744342,-1.67720768,-1.39770420,-1.27276249,-1.43991886,-1.00281268,-1.41967809
2.00689003,-1.49717868,-1.58657956,-1.62836920,-0.53781939,-0.56635407,-1.66360900,-1.23275036,-1.62681624,-1.48651358,-0.37420166,-0.72631383,-1.81879605,-1.67912276,-1.83363952,-1.59855836,-2.03464335,-1.41133216,1.64462068,1.84586003,1.64430519,0.43232045,0.46813393,1.69119912,1.23522416,2.17364314,1.53730314,0.37783178,0.61754348,1.74399138,1.36027672,1.66818792,1.68166535,1.49320043,1.42207042,-2.16664924,-1.94864930,-1.36888627,-0.41826350,-0.80383067,-1.96542146,-2.02911812,-2.28719773,-1.89375522,-0.65081200,-0.63312332,-1.83821008,-1.37839631,-1.28894336,-1.39712409,-1.00357049,-1.41762862
1.84384691,-1.48248081,-1.56466585,-1.55980676,-0.22754023,-0.26981537,-1.63580456,-1.21316285,-1.60643374,-1.46728216,-0.06681539,-0.40916188,-1.83545806,-1.67058313,-1.81077657,-1.50778866,-2.05267942,-1.41000688,1.61414112,1.82894313,1.52457909,0.15219259,0.20113591,1.61038856,1.21643135,2.16911159,1.49497414,0.11548104,0.30491500,1.69883055,1.36572063,1.65501739,1.65142777,1.52490472,1.42310378,-2.13243138,-1.95801547,-1.19934886,-0.13336864,-0.51010413,-1.82800249,-2.00893818,-2.31895759,-1.81565649,-0.39504481,-0.35274950,-1.66044993,-1.39711284,-1.27268118,-1.43293082,-0.99590493,-1.41907691
2.00030099,-1.48905757,-1.58737420,-1.62337679,-0.52092731,-0.56371112,-1.64205242,-1.22190598,-1.62364272,-1.48756821,-0.36870325,-0.70149112,-1.78687087,-1.67601167,-1.83761884,-1.58772808,-2.01324152,-1.41076418,1.64371773,1.84729001,1.63929131,0.40883662,0.46485968,1.68666102,1.22008605,2.16704395,1.54351235,0.38774044,0.59791481,1.70305422,1.35388172,1.66908591,1.62871850,1.44840378,1.42002700,-2.18018173,-1.95042394,-1.36458702,-0.38505356,-0.80827697,-1.99570100,-2.01995915,-2.28558204,-1.90585628,-0.70120042,-0.65587396,-1.83082038,-1.37245315,-1.29238553,-1.36844517,-0.98631570,-1.41560649
1.77817186,-1.47888622,-1.55491623,-1.53141658,-0.09986972,-0.14260150,-1.63133334,-1.20838070,-1.59907248,-1.45813173,0.06261366,-0.28076014,-1.85280397,-1.66861489,-1.79894716,-1.47109978,-2.06723999,-1.40965527,1.60026580,1.82101079,1.47465143,0.04526412,0.09235629,1.57598734,1.21325676,2.16947342,1.47441318,0.00314108,0.17974620,1.69213533,1.37060293,1.64821262,1.65332680,1.55428918,1.42430807,-2.11039276,-1.95974081,-1.12722334,-0.02768418,-0.38433179,-1.75597248,-2.00154054,-2.33192928,-1.77765648,-0.26848529,-0.22468603,-1.58608742,-1.40713639,-1.26438746,-1.45917790,-0.99948996,-1.42052520
1.93665535,-1.49523494,-1.57624925,-1.60104407,-0.40856233,-0.43317889,-1.66349056,-1.23052835,-1.61958585,-1.47748722,-0.23983021,-0.59693592,-1.84521902,-1.67731324,-1.82108661,-1.56363337,-2.05545983,-1.41108874,1.63073532,1.83780629,1.59384975,0.31747244,0.34629696,1.65633900,1.23600801,2.17555570,1.51501341,0.25237294,0.48497790,1.74795978,1.36676231,1.66169246,1.69760366,1.53445067,1.42370981,-2.14287073,-1.95195211,-1.29625162,-0.30786583,-0.66665260,-1.88373171,-2.02559544,-2.30261604,-1.85164710,-0.50648781,-0.49378045,-1.76303296,-1.39043048,-1.27948419,-1.43005174,-1.01085714,-1.41951413
1.87641107,-1.48623515,-1.56891411,-1.57418490,-0.29121994,-0.32884119,-1.64344412,-1.21828314,-1.61081777,-1.47109743,-0.12853359,-0.47439122,-1.83542698,-1.67264661,-1.81490059,-1.52697976,-2.05139897,-1.41033144,1.62025108,1.83224826,1.54902833,0.20905231,0.25285796,1.62662036,1.22188891,2.17080015,1.50289165,0.16568789,0.36736598,1.71211656,1.36541265,1.65753177,1.66324021,1.52319818,1.42312709,-2.13784437,-1.95614223,-1.23385597,-0.19239242,-0.56732610,-1.85187318,-2.01412155,-2.31300262,-1.82999022,-0.44057828,-0.40596221,-1.69664202,-1.39406734,-1.27552706,-1.42873799,-0.99928594,-1.41899493
2.26749327,-0.19010653,-0.30329805,-1.76955458,-1.68308981,-1.72117528,-1.62105843,0.06176408,-0.34563052,-1.67991338,-1.51808882,-1.82994821,-1.53998702,-1.11392027,-1.91611979,-1.79219803,-1.84166103,-1.40776202,0.26837533,0.39512040,1.80704507,1.65504984,1.72578676,1.72966254,0.03420924,0.69828531,1.67542988,1.52151497,1.91436995,1.49019956,1.11504735,1.71903414,1.57829239,1.18473021,1.42032225,-0.75859387,-0.56689396,-1.72940074,-1.64431203,-2.06808817,-2.14101494,-0.74635777,-0.78714431,-1.86673994,-1.81298223,-1.90263207,-1.82535084,-1.46979093,-1.35854554,-1.28470048,-0.79531801,-1.41475937
2.27055943,-0.18842906,-0.31191683,-1.79202043,-1.68181434,-1.71956015,-1.62354573,0.02717800,-0.30754829,-1.73199329,-1.52071447,-1.82698483,-1.54881540,-1.09823784,-1.93196469,-1.78979914,-1.84744136,-1.40862751,0.25134972,0.42258677,1.82537211,1.65467692,1.72655577,1.73111575,0.05417782,0.66863204,1.72477620,1.52235788,1.91394300,1.50517968,1.11611620,1.76823405,1.57863151,1.19143637,1.42243559,-0.70112912,-0.58409812,-1.72996643,-1.63970759,-2.06932541,-2.14519463,-0.73513550,-0.68803322,-1.84597612,-1.80912035,-1.90731264,-1.82552540,-1.47206767,-1.39128675,-1.28749569,-0.79065456,-1.41571579
2.22369694,-0.03063995,-0.15320289,-1.78599626,-1.67584146,-1.71632988,-1.61022092,0.16815492,-0.13431340,-1.75932052,-1.51184904,-1.81359730,-1.53389419,-1.02096853,-1.93203704,-1.77491192,-1.83931964,-1.40784316,0.09477829,0.26907999,1.79827079,1.64894581,1.72481955,1.70002038,-0.06425211,0.45788879,1.72961468,1.51562358,1.91197907,1.47271308,1.08784594,1.77894010,1.57449433,1.18298367,1.42347672,-0.51094934,-0.44597188,-1.71152492,-1.63735099,-2.06828149,-2.09671021,-0.58265359,-0.49673544,-1.79641089,-1.80695034,-1.91698070,-1.74598428,-1.49309050,-1.40229083,-1.29722305,-0.76413115,-1.41659023
2.30457644,-0.29658622,-0.42466394,-1.80350298,-1.68557851,-1.72129274,-1.63325804,-0.08235263,-0.41538251,-1.72960488,-1.52775739,-1.83517771,-1.56109431,-1.14693592,-1.93630576,-1.79928886,-1.85461189,-1.40943890,0.35679414,0.53902205,1.85094289,1.65855327,1.72798281,1.75307542,0.14523179,0.80266620,1.73664223,1.52737946,1.91513844,1.53249433,1.13555484,1.77596675,1.58161570,1.20000907,1.42232681,-0.81518867,-0.68362591,-1.74478752,-1.63959883,-2.07021467,-2.17956098,-0.83724303,-0.78719047,-1.87379517,-1.80930425,-1.90201822,-1.88121000,-1.45784547,-1.39462049,-1.28165369,-0.80755959,-1.41541520
2.24497109,-0.10274473,-0.22557621,-1.78825948,-1.67861014,-1.71785691,-1.61629111,0.10487592,-0.21460017,-1.74564140,-1.51583385,-1.81983784,-1.54067091,-1.05674606,-1.93181999,-1.78179109,-1.84297807,-1.40819476,0.16638218,0.33855533,1.81021173,1.65166416,1.72554892,1.71441655,-0.01119527,0.55596340,1.72656634,1.51881587,1.91295036,1.48713623,1.10086240,1.77328275,1.57603164,1.18663673,1.42289400,-0.59929715,-0.50907023,-1.71950116,-1.63861993,-2.06878412,-2.11890902,-0.65270469,-0.58712180,-1.81963064,-1.80809051,-1.91241522,-1.78217636,-1.48348091,-1.39638223,-1.29275070,-0.77640187,-1.41615301
2.28535874,-0.24889802,-0.36286544,-1.77458028,-1.68508077,-1.72217373,-1.62635875,0.00365367,-0.40324462,-1.67693561,-1.52173384,-1.83444558,-1.54617310,-1.13969787,-1.91763917,-1.79724275,-1.84520971,-1.40816771,0.32462908,0.45455892,1.81976449,1.65713031,1.72699974,1.74120326,0.08162236,0.76662050,1.67976712,1.52420511,1.91506373,1.50407735,1.12489348,1.72128910,1.57988622,1.18916988,1.42017462,-0.81992504,-0.61850644,-1.73737697,-1.64452956,-2.06851347,-2.15898761,-0.80055678,-0.84161617,-1.88160951,-1.81316613,-1.89967794,-1.85514239,-1.46216240,-1.35954837,-1.28151393,-0.80444090,-1.41459542
2.15575955,0.19699067,0.08176586,-1.76140031,-1.66843756,-1.71271785,-1.58866434,0.39480001,0.08799653,-1.76093347,-1.49745431,-1.79640966,-1.50619670,-0.91992160,-1.92118437,-1.75515637,-1.82296644,-1.40611218,-0.11083331,0.04083662,1.74714244,1.64085944,1.72117269,1.65423991,-0.24238202,0.18633997,1.70127942,1.50506033,1.90901182,1.41522932,1.04700306,1.75998252,1.56806248,1.16469171,1.42341456,-0.28176699,-0.24933178,-1.68759622,-1.63662588,-2.06588435,-2.02486596,-0.37255063,-0.29431248,-1.73912063,-1.80606762,-1.92714751,-1.63036745,-1.52268805,-1.39413263,-1.30896296,-0.72930096,-1.41716408
2.26655497,-0.17985530,-0.29904979,-1.78310066,-1.68193878,-1.71997127,-1.62188753,0.04872185,-0.31134343,-1.71387854,-1.51920086,-1.82736832,-1.54486750,-1.09925371,-1.92621278,-1.78983442,-1.84484387,-1.40824885,0.24822952,0.40356537,1.81682213,1.65454934,1.72625451,1.72884670,0.03931406,0.66876988,1.70607697,1.52190056,1.91398570,1.49749816,1.11400567,1.75065339,1.57845064,1.18819662,1.42158870,-0.71132682,-0.57118267,-1.72838250,-1.64137534,-2.06886144,-2.14096850,-0.73035472,-0.71462288,-1.85066473,-1.81044442,-1.90608494,-1.82040497,-1.47262946,-1.37938824,-1.28699256,-0.79080029,-1.41541520
2.31368561,-0.34288985,-0.45672458,-1.77904016,-1.68850274,-1.72405316,-1.63435363,-0.08421236,-0.50106753,-1.66400093,-1.52713959,-1.84201093,-1.55428651,-1.18338011,-1.91724124,-1.80563886,-1.84985592,-1.40868160,0.41850571,0.54580770,1.83703598,1.66044729,1.72799866,1.75931319,0.15545123,0.87791072,1.67872373,1.52833894,1.91604569,1.52358283,1.14041903,1.71704859,1.58239566,1.19468946,1.41970067,-0.92721833,-0.69787234,-1.75089697,-1.64539969,-2.06893877,-2.18675934,-0.88892584,-0.94331236,-1.90853548,-1.81404885,-1.89423006,-1.90297180,-1.44953687,-1.35629593,-1.27597940,-0.81971372,-1.41415820
2.34143722,-0.42213055,-0.54596870,-1.80067394,-1.69071146,-1.72434682,-1.64288151,-0.18586935,-0.56028475,-1.69185547,-1.53399716,-1.84647344,-1.56895904,-1.21068152,-1.92993886,-1.81145969,-1.85848982,-1.40979051,0.48972835,0.65312350,1.86672340,1.66260627,1.72943363,1.77681124,0.23676587,0.96683607,1.71565163,1.53235621,1.91656870,1.55307894,1.15597175,1.75118221,1.58492770,1.20448873,1.42079619,-0.98081665,-0.78783679,-1.76277647,-1.64246300,-2.07036932,-2.21536700,-0.95953050,-0.96228518,-1.91746615,-1.81184206,-1.89277218,-1.94416793,-1.44066648,-1.37705733,-1.27312828,-0.82968186,-1.41445879
2.29320963,-0.27169037,-0.38844672,-1.78166950,-1.68564073,-1.72220309,-1.62902371,-0.02706804,-0.41760725,-1.68748187,-1.52380347,-1.83559607,-1.55080490,-1.14636449,-1.92201641,-1.79872442,-1.84799012,-1.40851932,0.34341042,0.48537090,1.82857836,1.65779763,1.72730100,1.74618328,0.10503988,0.78900261,1.69255379,1.52555017,1.91520248,1.51289601,1.12904208,1.73353170,1.58071140,1.19216965,1.42061749,-0.83157264,-0.64458381,-1.74060141,-1.64351441,-2.06901610,-2.16730055,-0.81978058,-0.84152384,-1.88285980,-1.81239376,-1.89952447,-1.86677971,-1.45979696,-1.36716450,-1.28087103,-0.80697665,-1.41473205
2.26094876,-0.15671680,-0.27961169,-1.79002347,-1.68063221,-1.71900219,-1.62079194,0.05707854,-0.27414455,-1.73559143,-1.51886107,-1.82443980,-1.54561356,-1.08328556,-1.93153058,-1.78690636,-1.84564873,-1.40843818,0.22003744,0.39060113,1.81942143,1.65352874,1.72622280,1.72509894,0.02924159,0.62824432,1.72396809,1.52108455,1.91355876,1.49812475,1.11043679,1.76889258,1.57799849,1.18954318,1.42248221,-0.66488139,-0.55599963,-1.72595003,-1.63941755,-2.06913209,-2.13539558,-0.70494106,-0.65354977,-1.83682219,-1.80886289,-1.90907744,-1.80934951,-1.47626632,-1.39220827,-1.28934054,-0.78549561,-1.41585242
2.28207688,-0.23129785,-0.35097642,-1.78599626,-1.68386753,-1.72096972,-1.62629953,0.00061048,-0.36548956,-1.70733366,-1.52222808,-1.83155193,-1.54974798,-1.12344402,-1.92653836,-1.79449108,-1.84758770,-1.40854637,0.29907561,0.45446449,1.82648044,1.65631578,1.72713452,1.73901070,0.07942758,0.73307320,1.70639408,1.52376572,1.91461544,1.50869554,1.12287353,1.74873768,1.57944538,1.19114306,1.42137892,-0.77024147,-0.61584448,-1.73511421,-1.64184666,-2.06917075,-2.15661912,-0.77911873,-0.77089507,-1.86562360,-1.81095934,-1.90313081,-1.84653077,-1.46582883,-1.37759940,-1.28397372,-0.79922366,-1.41516927
2.22376391,-0.03862793,-0.15451711,-1.76985413,-1.67714803,-1.71759262,-1.60894766,0.18861191,-0.17206847,-1.71908963,-1.51036632,-1.81656068,-1.52907589,-1.03649223,-1.92136525,-1.77759303,-1.83566121,-1.40724813,0.11538560,0.25996050,1.78602638,1.64938742,1.72435973,1.70084472,-0.07362892,0.49999954,1.69316755,1.51546217,1.91235264,1.46336065,1.08923182,1.74259143,1.57434738,1.17786406,1.42174409,-0.56454766,-0.44685920,-1.71073296,-1.64090402,-2.06762421,-2.09708174,-0.59951215,-0.58398274,-1.81458481,-1.80992951,-1.91291397,-1.74871905,-1.49093204,-1.37632553,-1.29453964,-0.76896948,-1.41582510
2.33921924,-0.40897702,-0.53814456,-1.80872837,-1.68990263,-1.72346583,-1.64261502,-0.18671468,-0.53604168,-1.71238966,-1.53430606,-1.84448623,-1.57122830,-1.20064984,-1.93605253,-1.80966053,-1.86017270,-1.41003393,0.47242182,0.65304256,1.87179006,1.66219410,1.72940191,1.77490762,0.23529615,0.94719358,1.73440201,1.53223964,1.91635523,1.55652518,1.15505688,1.76994023,1.58450946,1.20635526,1.42165862,-0.94853200,-0.78453398,-1.76085313,-1.64065023,-2.07071729,-2.21374157,-0.94549008,-0.91593794,-1.90755311,-1.81040764,-1.89515083,-1.93852383,-1.44285451,-1.38903714,-1.27477746,-0.82621341,-1.41484135
2.21784580,-0.01413147,-0.13358141,-1.77854092,-1.67562369,-1.71647671,-1.60805934,0.19431185,-0.12773735,-1.74619973,-1.51015009,-1.81317894,-1.53013280,-1.01738125,-1.92773215,-1.77410053,-1.83675874,-1.40749155,0.08374225,0.24669948,1.78979998,1.64849438,1.72415360,1.69641709,-0.08291754,0.44906690,1.71522200,1.51467307,1.91192570,1.46466024,1.08485677,1.76552012,1.57379349,1.17974392,1.42286292,-0.50896779,-0.43029588,-1.70886618,-1.63851116,-2.06793352,-2.09085864,-0.57037452,-0.50859923,-1.79743792,-1.80786983,-1.91648195,-1.73690716,-1.49501242,-1.39294007,-1.29733486,-0.76279040,-1.41639895
2.24061699,-0.08541083,-0.21053918,-1.79245311,-1.67767687,-1.71718149,-1.61531396,0.11229067,-0.18796878,-1.75975477,-1.51546317,-1.81771117,-1.54051548,-1.04538106,-1.93485873,-1.77963914,-1.84327075,-1.40830295,0.14583506,0.32680523,1.81129368,1.65099684,1.72539829,1.71091524,-0.01932771,0.52467326,1.73748104,1.51827785,1.91264083,1.48682294,1.09780077,1.78453757,1.57603164,1.18745001,1.42354665,-0.56643254,-0.49492240,-1.71803036,-1.63727848,-2.06878412,-2.11417203,-0.63378284,-0.54432907,-1.81007482,-1.80706068,-1.91452532,-1.77414660,-1.48590548,-1.40486567,-1.29439988,-0.77258366,-1.41645360
2.25428457,-0.13525578,-0.25723953,-1.78752726,-1.67991671,-1.71864980,-1.61883763,0.07905712,-0.25327130,-1.73543634,-1.51744013,-1.82283609,-1.54306452,-1.07382531,-1.93048149,-1.78507192,-1.84414877,-1.40827590,0.19986154,0.36782941,1.81413047,1.65292029,1.72596911,1.72054384,0.01136981,0.60229556,1.72097089,1.52013404,1.91327057,1.49267110,1.10630630,1.76662765,1.57724114,1.18760999,1.42244336,-0.64322941,-0.53657717,-1.72312158,-1.63952631,-2.06890011,-2.12856875,-0.68496241,-0.63513089,-1.83155309,-1.80886289,-1.91003657,-1.79835224,-1.47904571,-1.39117833,-1.29043067,-0.78220204,-1.41590707
2.28442384,-0.22496073,-0.35736409,-1.80846211,-1.68249874,-1.71938395,-1.62798734,-0.02979725,-0.32721103,-1.75894829,-1.52460661,-1.82823991,-1.55699098,-1.10868221,-1.94147886,-1.79191581,-1.85303876,-1.40938481,0.27988292,0.47724970,1.84487346,1.65574660,1.72741992,1.73918916,0.09781866,0.69919852,1.75581201,1.52485074,1.91409243,1.52281700,1.12377028,1.79661056,1.58004448,1.19916913,1.42356219,-0.71243842,-0.62269656,-1.73584961,-1.63713346,-2.07006001,-2.15908049,-0.76598415,-0.67053760,-1.84597612,-1.80724458,-1.90792648,-1.84653077,-1.46739593,-1.41015089,-1.28699256,-0.79435618,-1.41609836
2.32268423,-0.36365858,-0.48502597,-1.79425038,-1.68868939,-1.72346583,-1.63764042,-0.12558523,-0.50299782,-1.69244482,-1.53013592,-1.84215039,-1.56233775,-1.18490391,-1.92762362,-1.80641497,-1.85472164,-1.40933072,0.43134766,0.58849120,1.85290885,1.66084965,1.72860119,1.76489659,0.18592340,0.89603695,1.70866500,1.52987232,1.91598165,1.53807561,1.14555496,1.74650268,1.58301737,1.19978242,1.42085058,-0.92001712,-0.73262573,-1.75389513,-1.64275304,-2.06990536,-2.19683704,-0.90452630,-0.91090622,-1.90304312,-1.81191562,-1.89564958,-1.91402726,-1.44823588,-1.37461800,-1.27625892,-0.82058812,-1.41462274
1.90679727,-1.53919542,-1.67496791,-1.86314565,-1.73056183,-1.74745792,-1.74012303,-1.16410955,-1.55578829,-1.40378747,-1.44614604,-1.75244697,-1.49214589,-0.45036925,-0.49149017,-0.50297197,-0.53435675,-0.03723274,1.73746394,1.88666837,2.08664788,1.69301847,1.73513383,1.98403438,1.14513040,1.93505580,1.57253298,1.46423307,1.78634063,1.65806744,0.06099492,0.19685027,0.09809792,-0.04665751,-0.03828888,-2.25992675,-1.83566381,-1.94724810,-1.62603931,-2.04825380,-2.51997362,-1.91770065,-1.98917204,-2.16413131,-1.75060358,-1.76018160,-2.38917926,0.04710550,-0.03374625,0.09513028,0.24559460,-0.04604568
1.88346465,-1.53916879,-1.67496791,-1.86314565,-1.73049961,-1.74751666,-1.74030070,-1.16014857,-1.55065177,-1.39776990,-1.43935024,-1.74449813,-1.48490289,-0.41433776,-0.44102527,-0.45372420,-0.49063848,0.00314774,1.73785522,1.88619621,2.08585621,1.69278295,1.73504663,1.98374544,1.14213217,1.93017964,1.56822643,1.46084350,1.78222064,1.65398301,0.02821373,0.14813927,0.05148118,-0.08265481,-0.07706719,-2.26060337,-1.83507227,-1.94543789,-1.62571301,-2.04763519,-2.51932345,-1.91498315,-1.98612531,-2.16167538,-1.74924273,-1.75899227,-2.38638630,0.08808671,0.01512163,0.13951832,0.28316457,-0.00005572
1.82460338,-1.53943506,-1.67502904,-1.86297923,-1.73046851,-1.74775159,-1.74089291,-1.14650253,-1.53530764,-1.38517643,-1.42578953,-1.72769399,-1.46880041,-0.28811640,-0.31925835,-0.32965229,-0.35813006,0.12821094,1.73656099,1.88457736,2.08451038,1.69212544,1.73414284,1.98292960,1.12709205,1.90276630,1.55697416,1.45043269,1.76976460,1.63931618,-0.06839974,0.04202671,-0.06144346,-0.19345984,-0.18525950,-2.25726858,-1.83098073,-1.94243973,-1.62433531,-2.04550869,-2.51630478,-1.89898010,-1.96715248,-2.15654024,-1.74401998,-1.75385132,-2.37079228,0.18178764,0.09437271,0.22085912,0.36255992,0.10252676
1.73602581,-1.53943506,-1.67499847,-1.86291267,-1.73025074,-1.74801588,-1.74160357,-1.12846077,-1.51322388,-1.36147836,-1.39919325,-1.69610779,-1.43933102,-0.13033970,-0.11967780,-0.13244956,-0.17319629,0.29560197,1.73708270,1.88313389,2.08166039,1.69142867,1.73308049,1.98185881,1.11219890,1.87776520,1.53986047,1.43682062,1.75315655,1.62169046,-0.19748642,-0.13775101,-0.23756747,-0.33982220,-0.33498058,-2.25818686,-1.82807229,-1.93610400,-1.62292135,-2.04291824,-2.51323968,-1.88468807,-1.94984151,-2.14716304,-1.73865012,-1.74928584,-2.35717661,0.33282087,0.26439390,0.37758692,0.49575989,0.27577474
1.99403385,-1.53916879,-1.67493735,-1.86321221,-1.73074849,-1.74719363,-1.73944199,-1.17949456,-1.57489484,-1.42416657,-1.46897374,-1.77922203,-1.51682806,-0.59459049,-0.67229561,-0.68098359,-0.70037642,-0.19440018,1.73732348,1.88777458,2.08907565,1.69343064,1.73618033,1.98502869,1.15857343,1.95831664,1.58868510,1.47732505,1.80191335,1.67427753,0.19026277,0.37155933,0.26937261,0.09514520,0.11158758,-2.25973343,-1.83881873,-1.95290501,-1.62745327,-2.05057361,-2.52289941,-1.93113717,-2.00408255,-2.17257080,-1.75667226,-1.76578294,-2.40291130,-0.10250847,-0.19856354,-0.05922159,0.10915935,-0.21063126
1.89201909,-1.53948831,-1.67502904,-1.86301251,-1.73065516,-1.74757539,-1.74038953,-1.15898927,-1.55078264,-1.40232961,-1.44518845,-1.75049462,-1.48984554,-0.40008388,-0.46609493,-0.47383253,-0.49034581,0.00598763,1.73624998,1.88533282,2.08670065,1.69281239,1.73495149,1.98357548,1.13703715,1.91972087,1.56989381,1.46047585,1.78214593,1.65183636,0.02870287,0.17972858,0.07188448,-0.08562792,-0.07194699,-2.25625364,-1.83305115,-1.94730467,-1.62538671,-2.04728722,-2.51839463,-1.90864232,-1.97832383,-2.16355082,-1.74824967,-1.75757276,-2.38027670,0.06558548,-0.03941091,0.09756211,0.25731153,-0.02902147
1.80303656,-1.53948831,-1.67502904,-1.86294595,-1.73043740,-1.74781032,-1.74110018,-1.14174453,-1.52974581,-1.38005839,-1.42016756,-1.72086077,-1.46233456,-0.24519605,-0.27280893,-0.28283869,-0.31089969,0.17191815,1.73642053,1.88395681,2.08349441,1.69208618,1.73381779,1.98247069,1.12236936,1.89442686,1.55285173,1.44694448,1.76547383,1.63436148,-0.10189652,0.00102845,-0.10350478,-0.23181696,-0.22343954,-2.25664029,-1.82989623,-1.94113865,-1.62393650,-2.04481275,-2.51532952,-1.89419931,-1.96138216,-2.15448619,-1.74232811,-1.75227834,-2.36607916,0.21721008,0.12882144,0.25434582,0.39307641,0.14234100
2.00709582,-1.53882265,-1.67481510,-1.86344519,-1.73059294,-1.74707617,-1.73917549,-1.18439747,-1.57967148,-1.42497305,-1.46906641,-1.78019820,-1.51816475,-0.64462189,-0.69248157,-0.70472553,-0.74146062,-0.23613299,1.73881837,1.88900220,2.08912843,1.69377411,1.73639438,1.98561507,1.16733295,1.97480600,1.59111968,1.48087603,1.80581987,1.68064786,0.22249141,0.38368220,0.29184450,0.13451558,0.14465519,-2.26398649,-1.84167788,-1.95250902,-1.62806961,-2.05150154,-2.52457129,-1.94150393,-2.01590018,-2.17274941,-1.75909973,-1.76843014,-2.41280303,-0.11670110,-0.18446964,-0.05502876,0.10158124,-0.22115184
1.89639433,-1.53895578,-1.67487622,-1.86331206,-1.73040629,-1.74742856,-1.74009342,-1.16430277,-1.55477408,-1.39932082,-1.44067851,-1.74662479,-1.48720324,-0.45494065,-0.46432233,-0.47940642,-0.52674721,-0.03290529,1.73881837,1.88712704,2.08592218,1.69291052,1.73524483,1.98428084,1.14851075,1.94203405,1.57062009,1.46403580,1.78563618,1.65900732,0.05481731,0.16439290,0.07472172,-0.05053722,-0.04864582,-2.26335820,-1.83709339,-1.94549446,-1.62622059,-2.04836979,-2.52053092,-1.92222982,-1.99466539,-2.16225587,-1.75122884,-1.76106400,-2.39336869,0.07155821,0.01531136,0.13376017,0.27136020,-0.01634212
1.94394881,-1.53884927,-1.67481510,-1.86337862,-1.73046851,-1.74725236,-1.73964926,-1.17372216,-1.56609405,-1.41008421,-1.45244759,-1.76081418,-1.50041473,-0.54363846,-0.56243044,-0.57716111,-0.62391518,-0.12505285,1.73894879,1.88799042,2.08712287,1.69310679,1.73594249,1.98507968,1.15812271,1.95897139,1.57942755,1.47137089,1.79474072,1.66929963,0.12923849,0.25592807,0.16784216,0.03305652,0.03629194,-2.26446980,-1.83960746,-1.94832291,-1.62709072,-2.04980034,-2.52257432,-1.93244560,-2.00606755,-2.16663190,-1.75490682,-1.76459361,-2.40337679,-0.00732915,-0.06258453,0.05826137,0.20158323,-0.10200970
2.06317351,-1.53892915,-1.67487622,-1.86337862,-1.73081070,-1.74692933,-1.73884977,-1.19229527,-1.59030441,-1.43837300,-1.48441873,-1.79773447,-1.53395636,-0.71957376,-0.80733896,-0.81570939,-0.83529941,-0.32530543,1.73797561,1.88950134,2.09056662,1.69429423,1.73692555,1.98578504,1.17209484,1.98273192,1.60109329,1.48837253,1.81490307,1.68879352,0.29972965,0.50208725,0.40271185,0.21573616,0.23624378,-2.26185996,-1.84261449,-1.95669513,-1.62872221,-2.05266144,-2.52577875,-1.94552986,-2.01987016,-2.17846504,-1.76233636,-1.77134591,-2.41745796,-0.21702526,-0.30884829,-0.16750828,0.00615526,-0.33204148
1.97786188,-1.53813036,-1.67444834,-1.86384458,-1.73015742,-1.74698807,-1.73911627,-1.18529111,-1.57741403,-1.41315503,-1.45433188,-1.76489319,-1.50489109,-0.66144718,-0.61944312,-0.64037888,-0.72155874,-0.22774856,1.74225961,1.89101226,2.08720204,1.69369561,1.73662429,1.98624395,1.17837544,1.99706749,1.58537080,1.48035594,1.80457107,1.68423334,0.20627745,0.29210712,0.22832862,0.12744944,0.11724388,-2.27374922,-1.84655814,-1.94747438,-1.62879472,-2.05192683,-2.52615028,-1.95705407,-2.03334964,-2.16716774,-1.76115940,-1.77096226,-2.42577864,-0.04458480,-0.04488585,0.05356540,0.17535129,-0.13551159
2.09163719,-1.53876939,-1.67475397,-1.86351176,-1.73074849,-1.74681187,-1.73855366,-1.19823674,-1.59714219,-1.44342900,-1.48957736,-1.80418419,-1.54004919,-0.77963684,-0.85982970,-0.86919048,-0.89511478,-0.38445621,1.73870800,1.89040520,2.09150342,1.69457883,1.73752015,1.98655839,1.17981576,1.99692965,1.60623864,1.49332238,1.82063477,1.69573241,0.34935887,0.55129714,0.45673256,0.27125200,0.29158696,-2.26422815,-1.84502998,-1.95771337,-1.62941106,-2.05366669,-2.52735775,-1.95423592,-2.02937966,-2.18047444,-1.76516841,-1.77426167,-2.42612776,-0.26152506,-0.34115584,-0.20281187,-0.03220167,-0.37658315
1.92466501,-1.53837000,-1.67460115,-1.86364489,-1.73018853,-1.74722300,-1.73961965,-1.17418106,-1.56426192,-1.40189535,-1.44231568,-1.75014599,-1.49118223,-0.55360664,-0.51283375,-0.53352251,-0.60946437,-0.11910261,1.74112590,1.88935295,2.08614649,1.69321474,1.73587113,1.98538562,1.16524595,1.97347927,1.57559155,1.47147850,1.79391886,1.67152750,0.11808799,0.19469509,0.12485393,0.02689698,0.01772249,-2.27099439,-1.84266379,-1.94498534,-1.62763455,-2.05007099,-2.52354958,-1.94210782,-2.01719273,-2.16288102,-1.75641480,-1.76647351,-2.41158111,0.04015702,0.02916132,0.12925987,0.24947110,-0.04601835
1.85070645,-1.53919542,-1.67496791,-1.86311236,-1.73040629,-1.74763412,-1.74053758,-1.15386898,-1.54289792,-1.38967410,-1.43033036,-1.73379508,-1.47495541,-0.35690958,-0.37066381,-0.38419172,-0.42467694,0.06429997,1.73794551,1.88562961,2.08490621,1.69251798,1.73472158,1.98362647,1.13664522,1.92025501,1.56194561,1.45583986,1.77606200,1.64749665,-0.02073613,0.08255602,-0.01298421,-0.13737071,-0.13342043,-2.26055504,-1.83374129,-1.94323170,-1.62516918,-2.04666860,-2.51816243,-1.90934686,-1.97970871,-2.15841568,-1.74703593,-1.75703564,-2.38085857,0.14385192,0.07569829,0.19620531,0.33283038,0.06208401
2.05180227,-1.53879602,-1.67475397,-1.86347847,-1.73065516,-1.74692933,-1.73882016,-1.19188468,-1.58909389,-1.43483690,-1.48003235,-1.79302792,-1.52991520,-0.71725632,-0.78161814,-0.79246134,-0.82388510,-0.31540639,1.73861771,1.88974417,2.09039509,1.69415684,1.73709997,1.98615047,1.17405446,1.98676379,1.59906788,1.48735028,1.81373965,1.68883993,0.28984729,0.47242363,0.37921132,0.20747011,0.22249927,-2.26417982,-1.84350181,-1.95522434,-1.62879472,-2.05270010,-2.52605740,-1.94854930,-2.02337852,-2.17685752,-1.76229958,-1.77153774,-2.42007636,-0.19310476,-0.26659370,-0.13256807,0.03139622,-0.30332166
1.77391508,-1.53906229,-1.67493735,-1.86311236,-1.73015742,-1.74781032,-1.74112979,-1.13969159,-1.52464200,-1.36845750,-1.40632884,-1.70569521,-1.44902981,-0.23230725,-0.19770847,-0.21510537,-0.27274224,0.20085795,1.73859764,1.88487415,2.08259719,1.69201749,1.73373058,1.98275964,1.12628861,1.90366227,1.54723583,1.44500759,1.76250658,1.63385093,-0.12949648,-0.07898251,-0.16708847,-0.25857496,-0.26074161,-2.26282657,-1.83196665,-1.93740509,-1.62415403,-2.04473542,-2.51593326,-1.89958399,-1.96839887,-2.14997620,-1.74310049,-1.75388968,-2.37137415,0.27853406,0.23593507,0.34063416,0.45332244,0.21489201
1.83721577,-1.53879602,-1.67481510,-1.86331206,-1.73015742,-1.74757539,-1.74050797,-1.15452109,-1.54158925,-1.38300514,-1.42211363,-1.72518383,-1.46758807,-0.36779839,-0.33307741,-0.35205367,-0.41651864,0.06603095,1.73964105,1.88672233,2.08400899,1.69266518,1.73477708,1.98396640,1.14235753,1.93259187,1.55941897,1.45627028,1.77597661,1.64962009,-0.02683221,0.03677846,-0.04455563,-0.13993052,-0.14523029,-2.26587138,-1.83620607,-1.94079923,-1.62556799,-2.04697791,-2.51913769,-1.91674449,-1.98861809,-2.15564718,-1.74847035,-1.75891554,-2.38760822,0.17788466,0.14646592,0.25037661,0.36786460,0.10280002
1.86441030,-1.53890253,-1.67487622,-1.86327878,-1.73031296,-1.74751666,-1.74033031,-1.15874774,-1.54754369,-1.39100789,-1.43122617,-1.73564283,-1.47713142,-0.40440132,-0.39475673,-0.41142616,-0.46565139,0.02294581,1.73907922,1.88657394,2.08519649,1.69271425,1.73495149,1.98392391,1.14446413,1.93524533,1.56473822,1.45931013,1.78020334,1.65339123,0.00913742,0.09767220,0.01086674,-0.10093344,-0.10210098,-2.26413149,-1.83625536,-1.94311856,-1.62582178,-2.04755786,-2.51964854,-1.91820389,-1.99018761,-2.15886222,-1.74942662,-1.75956775,-2.38923744,0.12776694,0.08120033,0.19354985,0.32216272,0.04626215
2.34504368,-1.53749132,-1.67389820,-1.86444367,-1.73062405,-1.74569596,-1.73615520,-1.24258034,-1.65151734,-1.48790941,-1.53578878,-1.86017474,-1.59106108,-1.24696698,-1.30898542,-1.31781787,-1.36954032,-0.86150307,1.74368426,1.89798678,2.09653049,1.69621769,1.74015224,1.99017017,1.23652731,2.10194805,1.64904842,1.53305564,1.86694733,1.75054736,0.77921001,1.00856393,0.93915476,0.73911027,0.77608653,-2.27906555,-1.86341723,-1.96806551,-1.63459558,-2.06170870,-2.53896800,-2.01875137,-2.09585379,-2.19806787,-1.78841328,-1.79743433,-2.48995849,-0.66438877,-0.67981594,-0.55375132,-0.39708798,-0.77513548
