Iteration,test_preds,estimated_params,posterior_means
1,"[-0.89560175, 4.1111364, -0.34781265, 1.643956, 1.0479399, 1.2960329, -0.30716816, -0.013057709, -0.32906127, 0.10341422, 0.002889201, 0.15656799, -0.05193594, -0.20505922, 0.14910999, -0.14220136, -0.06922826, -0.026040418, 0.058114946, 0.06287133, 0.02706107]","[3.8974438, 4.6380854, 1.441528, 4.959421, 3.0691578, 0.39912844, 3.0299375, 3.441787, 4.700046, 1.9980412]","[3.8960514068603516, 4.6180524826049805, 1.4973737001419067, 4.798266410827637, 3.0581541061401367, 0.4142319858074188, 2.9992852210998535, 3.5151164531707764, 4.685006141662598, 2.0149142742156982]"
2,"[0.2594149, -1.0339661, -2.843998, -3.8153372, -1.7956928, 0.03077507, 0.43765515, 0.24006873, 0.096468, 0.015540272, 0.14468277, -0.3341614, -0.027209923, 0.052961096, -0.0022839904, 0.12765172, -0.14212832, -0.06010419, -0.04633695, -0.0510526, -0.0757734]","[1.5100667, 1.3017337, 3.623808, 0.930871, 2.0367317, 2.8681421, 1.2538489, 0.93957007, 2.1107957, 4.7650156]","[1.5134724378585815, 1.2937899827957153, 3.6172292232513428, 0.9458993673324585, 2.0387542247772217, 2.86348295211792, 1.2528871297836304, 0.9448679685592651, 2.1427674293518066, 4.693915843963623]"
3,"[0.16300988, -2.8748665, 4.864919, 0.69141567, 0.9652493, -0.67892694, 0.53677756, -0.23701347, -0.1929504, -0.011372771, -0.04149264, -0.06688771, 0.20403606, 0.055985928, -0.09969622, -0.0006780531, -0.20511863, -0.0076080747, 0.046168767, 0.06413598, -0.039953105]","[2.1181724, 3.580414, 1.8311003, 2.0413156, 3.353328, 3.4774122, 3.7899377, 1.4931977, 0.44950917, 2.1621008]","[2.062847852706909, 3.6586010456085205, 1.7178258895874023, 2.2702977657318115, 3.36177396774292, 3.4436898231506348, 3.9027318954467773, 1.3435370922088623, 0.44945821166038513, 2.1620452404022217]"
4,"[-0.31555867, 1.8248186, -2.7087183, -0.57808065, -0.58493114, 2.3357742, 0.06925915, 0.1536079, 0.051671326, 0.1659683, -0.10453308, 0.1844849, -0.16907136, -0.12743483, 0.2136395, -0.064406395, 0.035564855, -0.029776573, -0.03979233, -0.008184031, -0.09848052]","[3.1660738, 2.5195444, 3.743949, 3.3212607, 1.9112033, 1.0440165, 0.71869165, 3.6519625, 3.7545178, 3.7825499]","[3.169300079345703, 2.516874074935913, 3.7526497840881348, 3.3155980110168457, 1.9098683595657349, 1.045526385307312, 0.7088398337364197, 3.695876359939575, 3.752894639968872, 3.786931037902832]"
5,"[0.10263419, 1.420229, -5.650567, 3.1871123, 5.9904413, -2.7109652, -0.26357812, -0.08025259, -0.16207731, 0.19889003, 0.14679943, 0.17346776, 0.10026521, 0.12799853, 0.31618002, 0.17982858, 0.29754728, 0.18206075, -0.08318086, 0.19618149, -0.098214135]","[4.142799, 3.854002, 0.6003091, 0.86175644, 1.0057483, 1.8734071, 3.0361578, 3.4959927, 4.381236, 3.3562722]","[1.3541743755340576, 4.530498027801514, 0.2978314757347107, 0.2468624711036682, 4.935646057128906, 4.796196937561035, 4.057705879211426, 4.519947052001953, 4.823160648345947, 4.625628471374512]"
6,"[0.9165466, -5.298107, 5.3211412, -3.1324496, -4.7218456, -0.17161942, -0.37666142, 0.46257865, 0.75053, -0.032493293, 0.20652394, 0.014044791, 0.29458657, 0.031049132, 0.032650918, 0.268963, 0.09459357, -0.023808397, 0.017366327, 0.1576178, -0.013810791]","[0.9430158, 0.111, 4.0081596, 4.9934, 4.302042, 3.0737185, 1.7057465, 1.1788094, 1.6207067, 0.1075]","[3.630164861679077, 4.643025875091553, 4.754420280456543, 4.406839847564697, 4.5578436851501465, 4.574686050415039, 0.4350498914718628, 3.7338578701019287, 0.9214723110198975, 0.9779039025306702]"
7,"[-1.2606937, 5.789901, 1.7137918, -1.199573, -1.6114743, -0.032826185, -0.061342835, -0.1397698, -0.1870701, 0.058377042, 0.011373393, 0.3322371, 0.17640276, 0.17097539, 0.05307764, 0.13883403, -0.05060947, -0.11032948, -0.053330213, 0.04460475, 0.022460166]","[0.7351785, 3.934712, 3.312922, 3.8633504, 4.6390605, 3.1881793, 3.2402465, 2.9376032, 4.34424, 4.4752994]","[0.7313997745513916, 3.957760810852051, 3.320343017578125, 3.8529388904571533, 4.635860443115234, 3.186652183532715, 3.2431046962738037, 2.9429619312286377, 4.33845329284668, 4.483630657196045]"
8,"[0.34837413, -3.1532578, 5.809835, 3.1049123, -0.6171038, 1.3756284, -0.29666317, -0.04550267, -0.1621421, -0.10711024, -0.0585054, -0.10473856, 0.09472737, -0.09156346, 0.11905506, 0.16374901, 0.027513072, 0.01710141, 0.11169338, 0.056973215, 0.04656696]","[2.7291987, 2.9950924, 4.265547, 2.8434825, 2.3175406, 2.5227096, 4.3858166, 2.631004, 0.91555804, 0.9120382]","[2.732717990875244, 2.9942309856414795, 4.29402494430542, 2.823198080062866, 2.3132095336914062, 2.533170461654663, 4.389187335968018, 2.6371827125549316, 0.9157962799072266, 0.9111056327819824]"
9,"[-0.47745812, 1.5236206, 0.34900832, -1.4301401, 1.2468596, -1.4879379, 0.069640495, -0.050800323, 0.3133175, -0.09709945, -0.1465446, 0.116813645, -0.045402452, 0.11564168, -0.08928405, -0.14495607, -0.024158716, -0.030485146, -0.123954594, -0.088200465, -0.005672887]","[2.36817, 1.7570087, 1.0861971, 1.9350481, 2.9566853, 4.32199, 1.1327373, 4.575273, 2.6401153, 2.5938113]","[2.3676347732543945, 1.7539665699005127, 1.0894538164138794, 1.9316691160202026, 2.954043388366699, 4.324051380157471, 1.1336274147033691, 4.58050012588501, 2.633904218673706, 2.599210739135742]"
10,"[0.5321877, -0.39549923, -4.517865, 4.2861643, -1.6323187, 3.3002732, -0.26510316, 0.2042983, 0.08044584, 0.12928945, -0.10339874, 0.43807778, -0.10230276, -0.49725315, -0.055675328, 0.09863697, -0.19078831, 0.015749166, -0.091792576, -0.10777824, 0.005548984]","[2.680512, 3.193706, 3.4668126, 4.7908397, 1.1994144, 0.23405474, 1.8363715, 2.7196724, 3.4653494, 1.517653]","[2.6878154277801514, 3.1981289386749268, 3.539628505706787, 4.678752422332764, 1.1959848403930664, 0.24165129661560059, 1.8188080787658691, 2.7876036167144775, 3.4642529487609863, 1.5064929723739624]"
11,"[-0.21282291, -0.4606762, 4.2572436, 1.4963788, 1.3258023, -1.4118586, 0.407942, -0.012461126, -0.16905314, -0.32097316, -0.1906448, 0.0517025, 0.00017158687, 0.12770975, -0.20555072, -0.11927511, -0.018198162, 0.09843005, -0.06581852, -0.033590537, -0.059563845]","[2.7328646, 1.8548043, 1.8887748, 1.1844343, 3.943803, 2.7672276, 3.768558, 4.5837955, 0.68874484, 2.9481869]","[2.7249391078948975, 1.890685796737671, 1.9410426616668701, 1.0757579803466797, 4.017630100250244, 2.664797306060791, 3.8033063411712646, 4.570288181304932, 0.6855630278587341, 2.9245755672454834]"
12,"[-0.9113545, 2.2254114, 2.2712002, -2.8364341, 0.3719983, 2.709082, 0.35368538, -0.3269918, -0.017415673, 0.3993139, 0.10119814, 0.16581911, 0.04991038, -0.0042050183, -0.20612465, 0.018108062, 0.26752055, 0.009310941, -0.08359465, -0.0068715997, -0.0585524]","[4.4849544, 4.471137, 4.519202, 3.6850286, 3.8613706, 4.425696, 1.055743, 2.5254326, 1.5867751, 4.796707]","[4.490306854248047, 4.467681407928467, 4.543537139892578, 3.655722141265869, 3.853502035140991, 4.447686672210693, 1.052098035812378, 2.533970594406128, 1.5993537902832031, 4.766719341278076]"
13,"[0.45731044, 0.6672654, -4.311872, 1.068952, -2.4474308, -5.32171, -0.18968186, -0.08239116, 0.057813212, 0.12397735, 0.33273888, -0.23559506, 0.051383942, -0.12295243, 0.19013406, -0.030401796, -0.12708092, 0.029461995, 0.10250003, 0.06999165, 0.08806592]","[0.6685689, 1.0026662, 1.0613335, 2.397121, 1.4657019, 2.4319918, 4.6010723, 0.3534253, 4.4089503, 1.9034361]","[0.6674380302429199, 1.0032157897949219, 1.065497875213623, 2.3886592388153076, 1.4635506868362427, 2.433058261871338, 4.576180934906006, 0.3950502872467041, 4.405022621154785, 1.9127087593078613]"
14,"[0.3912419, -1.556745, -4.4700804, -2.6625464, 0.2987578, 0.6624425, 0.01850764, 0.27196229, -0.3095066, 0.3918877, -0.44520155, 0.08661662, -0.15631194, 0.19350597, 0.15027456, -0.10592842, 0.0055559482, -0.06941642, 0.05778654, -0.023849204, -0.046665624]","[1.4927577, 3.7166944, 2.7436666, 1.5983043, 2.074252, 0.97449875, 0.20978644, 3.4858022, 2.6648536, 3.86111]","[1.48898184299469, 3.724578857421875, 2.760150671005249, 1.5804879665374756, 2.0749688148498535, 0.9768428206443787, 0.19656431674957275, 3.5813181400299072, 2.6492693424224854, 3.8959884643554688]"
15,"[-0.937974, 3.6063592, 2.6145494, 0.50836766, -0.21094367, 0.2092402, -0.32301903, 0.34137434, 0.43702123, -0.32719693, 0.028941303, -0.22178614, 0.11838207, -0.03529066, -0.024684072, 0.035164766, 0.05834639, 0.054803573, 0.10237792, -0.04720351, 0.016146325]","[3.8874173, 0.112, 3.1291583, 2.4930904, 3.0963178, 3.6581907, 4.431772, 1.245683, 4.3194323, 0.37450692]","[3.841871738433838, 0.16611891984939575, 3.0898048877716064, 2.57011342048645, 3.125321388244629, 3.6245014667510986, 4.4537434577941895, 1.221876859664917, 4.333067417144775, 0.3734036386013031]"
16,"[-0.45644045, 0.7650738, 0.3394482, -3.8464103, 4.4064226, -1.9325953, -0.05729577, 0.034140453, -0.0054385066, 0.3085931, 0.15112627, -0.037271418, 0.21909612, 0.016715288, -0.2227542, 0.021849573, -0.09461609, 0.08808887, -0.057707235, -0.19307263, 0.09788532]","[3.306244, 3.5003633, 1.1799566, 0.17355767, 4.3732204, 4.0047665, 1.7161945, 1.688535, 2.7414675, 2.7042952]","[3.2906484603881836, 3.540071964263916, 1.1383827924728394, 0.2418890744447708, 4.416529178619385, 3.941787004470825, 1.712624430656433, 1.6905547380447388, 2.7400739192962646, 2.7017972469329834]"
17,"[0.36868024, -0.9811411, -1.589751, 3.970308, -1.9738898, 1.5658653, 0.53341514, -0.44097483, 0.006416619, -0.1379726, -0.014357179, 0.023239508, -0.32057202, 0.096975565, 0.014355004, 0.119732216, 0.048694484, 0.010834873, -0.06494321, 0.05148253, 0.0028135478]","[1.6348178, 2.355086, 3.950586, 4.1657524, 0.6066352, 1.7851517, 3.036064, 3.5300305, 0.7427397, 3.9489653]","[1.6344009637832642, 2.356151819229126, 3.9648325443267822, 4.1529459953308105, 0.6037834286689758, 1.787880778312683, 3.028899908065796, 3.5504705905914307, 0.7346954941749573, 3.967211961746216]"
18,"[-0.044039726, -1.5719748, 0.39464426, -3.9166713, 1.0756545, -0.089193106, -0.074197605, -0.046450138, -0.004383743, 0.30921012, -0.40673527, 0.25716767, -0.054235846, 0.085579336, -0.14209493, -0.1765987, -0.031047016, -0.008913651, 0.000119924545, 0.071933374, 0.013709441]","[1.9110566, 4.398783, 0.9470469, 3.001981, 4.0977254, 2.1404278, 0.50125694, 3.0688007, 2.3008435, 1.5311346]","[1.9047656059265137, 4.42145299911499, 0.9494594931602478, 3.0005135536193848, 4.099526405334473, 2.142428398132324, 0.49744337797164917, 3.092118263244629, 2.301568031311035, 1.5343066453933716]"
19,"[-0.81783056, 4.0713463, -0.7513337, 1.26877, -0.04945159, 0.9378426, 0.13814987, -0.18674374, 0.28016302, -0.08833919, 0.2495276, -0.2908582, 0.003998548, 0.12806916, 0.21662623, 0.06942925, -0.024331242, -0.009375691, 0.050742697, -0.061581895, -0.060891416]","[3.482047, 1.0531101, 4.0075564, 1.7326566, 0.82286555, 4.9493284, 3.935782, 1.0337527, 3.9217215, 4.550689]","[3.4796414375305176, 1.0815799236297607, 3.9437265396118164, 1.8175865411758423, 0.8554897904396057, 4.786952495574951, 3.948500871658325, 1.0380394458770752, 3.926938533782959, 4.504265785217285]"
20,"[-0.59342086, 2.0331225, -0.48886967, -0.47095346, 0.6227789, 1.8615758, 0.06507101, -0.20236665, 0.17230749, 0.14984323, 0.13832691, -0.08771372, -0.08828008, -0.14652313, 0.031699598, -0.09489539, 0.030089244, -0.0035849325, -0.035762854, 0.038475096, -0.018023852]","[4.1799912, 2.5436025, 2.2984827, 4.1335025, 1.7168713, 2.7510304, 1.8861562, 1.9286467, 3.0782588, 2.7669218]","[4.179309368133545, 2.5466368198394775, 2.29030704498291, 4.148936748504639, 1.7198346853256226, 2.7479710578918457, 1.8856011629104614, 1.9281471967697144, 3.078521966934204, 2.768751621246338]"
21,"[1.2469983, -5.3154464, 1.7357917, 2.4457235, -2.5070064, -2.6077113, -0.21941727, 0.56917113, -0.4644235, -0.07920137, -0.43460876, -0.058579445, -0.043305844, -0.26709267, -0.02843595, -0.13585287, 0.03977236, -0.010173231, -0.1406152, -0.11136464, 0.016618088]","[0.89806026, 1.4861469, 2.8616638, 0.1177, 3.3545177, 0.46141213, 3.0875478, 4.005816, 1.1834886, 0.59876156]","[0.8976053595542908, 1.4881936311721802, 2.728816270828247, 0.33494138717651367, 3.3756117820739746, 0.4507983326911926, 3.0969505310058594, 3.9735326766967773, 1.1917821168899536, 0.5908472537994385]"
22,"[-0.3916254, 2.4967575, -1.2619238, -0.64281744, -2.7516317, -0.7007737, -0.002358675, 0.11617294, -0.3910406, 0.28128445, -0.10555818, 0.011495024, 0.008123562, 0.13827205, 0.097560905, 0.17515643, -0.13450867, -0.05964955, -0.07062367, -0.025133401, -0.06131959]","[0.341654, 3.3043258, 4.4750204, 1.098278, 2.8443315, 1.6026112, 2.442732, 2.1035063, 3.2834601, 3.836445]","[0.33657220005989075, 3.3194868564605713, 4.476189136505127, 1.097008466720581, 2.8472273349761963, 1.602626919746399, 2.4409589767456055, 2.1061131954193115, 3.279737710952759, 3.849531650543213]"
23,"[0.3977108, -4.2116575, 6.0197215, 2.1874385, 2.68668, -0.5379319, 0.5901796, -0.4641834, -0.0055817664, -0.39573854, -0.032383196, 0.2263636, 0.25723886, -0.25489777, 0.11430876, -0.2688313, -0.09573877, -0.01310062, 0.1075458, 0.086031914, -0.10600397]","[4.3794837, 2.720607, 0.23737316, 4.3410497, 2.4447644, 4.6073236, 3.676088, 4.4154716, 0.2491538, 1.9514831]","[4.378690242767334, 2.7132489681243896, 0.29699888825416565, 4.187016010284424, 2.4699084758758545, 4.561463832855225, 3.6736645698547363, 4.409560680389404, 0.24659426510334015, 1.970284342765808]"
24,"[1.0207036, -5.972768, 0.623343, 2.1401455, 0.8333392, 2.2765412, -0.72635484, -0.43848598, 0.31829882, 0.21111974, -0.29126132, -0.32080173, 0.08381047, -0.04017496, 0.05485423, 0.0023145229, 0.0845209, -0.0048812106, -0.030899778, -0.069717966, 0.04705538]","[3.070438, 4.17289, 3.19085, 2.0572176, 0.3171376, 3.755335, 1.3063378, 2.9409993, 1.8649932, 0.1279]","[3.1437690258026123, 4.176194190979004, 3.381587028503418, 1.8965128660202026, 0.2767724096775055, 3.9565932750701904, 1.2354915142059326, 3.1160671710968018, 1.8536382913589478, 0.14648884534835815]"
25,"[-1.0174336, 5.032862, 0.6059928, -0.8450377, -0.6567991, -1.2668667, 0.102000505, 0.6225514, 0.20480528, -0.21728963, 0.17957875, 0.0011444688, 0.16615984, 0.03490615, 0.15495822, 0.018145174, -0.15381551, 0.011412919, 0.023715451, 0.023201965, 0.099971354]","[2.0092554, 0.3677982, 1.8553591, 3.677427, 4.6478405, 1.4979634, 4.4565578, 0.608727, 4.848121, 3.6255877]","[2.0082356929779053, 0.3601374626159668, 1.8472065925598145, 3.694084882736206, 4.652502059936523, 1.4903967380523682, 4.468696594238281, 0.6025629639625549, 4.814837455749512, 3.6945993900299072]"
26,"[2.382966, -12.6742325, -0.20878792, -1.6616403, 1.0746453, 1.554467, 0.23139954, -0.022280157, -0.30564454, -0.14058077, -0.24109778, 0.09206095, 0.23034382, -0.4614476, 0.5737054, -0.08481522, -0.01636073, 0.03113997, -0.074107155, 0.019299865, 0.21359915]","[2.6280107, 2.9102037, 1.1236738, 2.906113, 1.6530141, 0.9022612, 0.87479085, 1.161901, 0.734961, 0.39768788]","[2.6059374809265137, 2.9525341987609863, 1.0814613103866577, 2.9692459106445312, 1.6925855875015259, 0.8685388565063477, 0.878038227558136, 1.1615594625473022, 0.7382906675338745, 0.3897767663002014]"
27,"[-1.2420772, 5.6333923, 1.872154, 1.2873529, -0.29528368, 0.5442836, -0.0049170107, 0.04933572, -0.18567947, -0.16743818, 0.048591703, 0.011389673, 0.060233265, 0.20098442, 0.099632785, 0.10206264, 0.079220794, 0.04084751, 0.0932659, -0.05432611, -0.03563965]","[3.0512724, 2.1139243, 4.9392, 0.25136834, 3.0762463, 2.7213278, 4.6406736, 3.3631556, 3.653327, 3.462046]","[3.0534849166870117, 2.1118993759155273, 4.858402252197266, 0.36856216192245483, 3.084613800048828, 2.713989734649658, 4.660600662231445, 3.323307752609253, 3.6482791900634766, 3.4660351276397705]"
28,"[-1.4635204, 5.9595256, 1.8634171, -1.4113901, 2.0773444, 0.4519515, -0.068667576, -0.29853654, -0.049717247, 0.15034512, 0.20962158, 0.249732, 0.27524203, 0.09312922, -0.031124827, -0.14620198, 0.05715069, 0.0823088, -0.04455176, -0.049580008, 0.048382476]","[4.5836453, 4.1581283, 1.7281318, 2.9276733, 4.576878, 4.555668, 2.231769, 3.8970008, 4.6155925, 3.9377644]","[4.570657253265381, 4.2047600746154785, 1.7200825214385986, 2.9343059062957764, 4.5861897468566895, 4.539710998535156, 2.2268619537353516, 3.927511215209961, 4.609612464904785, 3.9540224075317383]"
29,"[1.9361924, -4.1461315, -4.349758, 3.7192092, -8.71321, -4.938429, 0.16337472, -0.91461265, -0.42482543, 0.46969375, 0.5861273, -0.5805377, 0.18067744, -0.14158204, -0.19736841, -0.18376681, 0.3460458, 0.33481055, 0.15480416, 0.027636092, 0.07802977]","[0.29626542, 0.6135214, 3.6285915, 1.5952275, 0.57894033, 2.27888, 3.224283, 2.3414247, 1.6443278, 2.5623913]","[0.29496636986732483, 0.6121228933334351, 3.693268060684204, 1.534887433052063, 0.5670091509819031, 2.309506893157959, 3.222691297531128, 2.3575572967529297, 1.6330615282058716, 2.5810112953186035]"
30,"[-0.18604231, 2.0272026, -3.1814919, 1.6176713, -1.7005575, 1.3812618, -0.2029357, -0.14551795, -0.16614869, 0.18005371, -0.18864039, 0.19385302, -0.10910635, -0.008400261, 0.19613573, 0.07054236, -0.08720322, -0.0766907, -0.07691437, -0.016821742, -0.10013772]","[0.84477675, 4.856, 4.5053344, 2.3247952, 1.1943856, 1.2522359, 1.8864526, 4.244574, 4.17781, 2.858746]","[0.8926304578781128, 4.684202671051025, 4.516104221343994, 2.309159755706787, 1.1870546340942383, 1.2756993770599365, 1.8796896934509277, 4.236947059631348, 4.169930934906006, 2.873079776763916]"
31,"[-0.6345238, 1.2607064, 3.2001975, -0.080871105, 1.5213585, -0.04488492, -0.085330695, 0.07023972, 0.21784504, -0.13960837, 0.049621254, -0.06219715, 0.059395976, -0.11910942, -0.19655865, -0.14317259, -0.039306536, 0.05475478, 0.061717615, 0.027106054, 0.028806578]","[4.334398, 1.2973893, 1.0392498, 3.48861, 3.994213, 3.1719215, 2.984149, 2.2584534, 2.5588505, 1.2284433]","[4.272857189178467, 1.3325927257537842, 0.9419087767601013, 3.719719171524048, 4.094570636749268, 2.9924631118774414, 3.1139674186706543, 2.064385414123535, 2.573566198348999, 1.2152162790298462]"
32,"[1.4724205, -8.896927, -0.48525, -12.36257, 1.3799398, 1.9052951, -0.24462336, -0.5053718, -0.7731066, -1.1003386, -0.04606372, 0.36696655, 0.13980639, 0.34319735, -0.08195144, 0.11027318, 0.13156758, 0.30121475, 0.23189315, -0.2379757, -0.067602284]","[4.26952, 2.5592196, 2.9998791, 1.5063742, 3.4951966, 3.5843592, 0.1002, 0.59853095, 1.0166987, 1.5403868]","[4.279641151428223, 2.541139602661133, 2.985898733139038, 1.52862548828125, 3.499404191970825, 3.6242012977600098, 0.11421284079551697, 0.5660310387611389, 1.0179861783981323, 1.5443501472473145]"
33,"[-0.36470294, 2.9879975, -1.7296977, 2.731635, -1.9785179, 0.18900943, 0.19539832, 0.020154, -0.069823384, -0.19666082, 0.081503235, 0.1582936, -0.20517692, -0.078256965, 0.18026218, 0.011969689, -0.117586076, -0.032783613, 0.0533253, 0.036914602, -0.06144759]","[1.6076726, 1.6129763, 2.5037327, 4.7780995, 1.4889171, 1.4299718, 4.2863564, 2.8388577, 2.9150174, 4.9954]","[1.6022932529449463, 1.61846125125885, 2.539504051208496, 4.709670066833496, 1.4828377962112427, 1.4449052810668945, 4.2816314697265625, 2.842193365097046, 2.956238031387329, 4.8584980964660645]"
34,"[-0.7965512, 3.2966313, 0.511791, 0.08336401, -0.44668388, 0.72259355, -0.27174473, -0.13215673, -0.09698182, 0.050211456, -0.16663645, 0.13852584, -0.044835627, 0.019237518, 0.06183105, -0.022106826, 0.018708825, -0.05163416, -0.066850655, 0.03338717, -0.03170196]","[1.8088056, 3.8498082, 2.821406, 3.391945, 2.6429548, 2.3356407, 2.0333748, 4.460149, 3.8038661, 2.0930336]","[1.808120846748352, 3.8493831157684326, 2.8215761184692383, 3.4027397632598877, 2.6424970626831055, 2.3369200229644775, 2.025139093399048, 4.4746527671813965, 3.8019304275512695, 2.092252492904663]"
35,"[-0.67679, 2.6797013, 0.94727373, -0.5314579, 0.12252581, -0.7549076, 0.4442736, 0.2006225, 0.4906518, -0.3431163, 0.09896374, -0.10772219, -0.066191524, 0.15140045, -0.035870653, -0.07236554, 0.006708488, -0.007803589, -0.02596807, -0.06652805, 0.029804356]","[3.493736, 0.3236167, 2.0345674, 2.0877461, 2.4835238, 4.464161, 2.5465004, 2.579887, 2.1687856, 3.7347758]","[3.502707004547119, 0.3189428746700287, 2.05995512008667, 2.037646532058716, 2.468143939971924, 4.491615295410156, 2.525026321411133, 2.603121042251587, 2.162842273712158, 3.741441249847412]"
36,"[1.4578583, -6.656254, -5.479702, -6.6016655, 0.20614001, 5.9879246, -0.14391753, -1.1235281, -0.2858901, -1.0651137, 0.17066301, 0.25093746, -0.29166973, -0.24878542, -0.053741828, -0.006809041, 0.25223145, 0.42975944, -0.4623676, -0.04685685, -0.08523528]","[3.3962855, 3.89052, 3.7778857, 4.7880235, 0.1105, 2.2632747, 0.47361293, 0.42084885, 1.41277, 3.3390687]","[3.3575568199157715, 3.8740735054016113, 4.105454921722412, 4.477680206298828, 0.1610502451658249, 2.1995184421539307, 0.4781714677810669, 0.3911648094654083, 1.3915343284606934, 3.397742509841919]"
37,"[-0.029052258, -0.084548, 0.96448857, 1.2292607, 1.5127048, -3.3613522, -0.7421771, 0.5434259, -0.16714287, -0.045155615, -0.34935868, -0.13701439, -0.0036057942, -0.06184095, -0.10809823, -0.071226195, -0.1075854, 0.17539929, -0.12747309, 0.07562691, -0.011062391]","[1.321806, 2.418158, 0.8122183, 0.8571429, 4.947711, 0.1126, 3.8605082, 3.1938715, 3.1293576, 0.26355654]","[1.345292568206787, 2.3750863075256348, 0.8736238479614258, 0.7737600207328796, 4.78591775894165, 0.2650020122528076, 3.8257088661193848, 3.2551722526550293, 3.1094231605529785, 0.2741484045982361]"
38,"[0.44174218, -3.1486955, -0.5330007, -4.182486, 0.8711316, -2.6009245, 0.7091488, 0.2314213, -0.32589138, 0.2906768, -0.26300138, -0.107230544, -0.014063939, 0.31438133, -0.22910826, 0.124522984, -0.15969186, 0.008003786, -0.054559395, -0.042068787, 0.040691562]","[0.31835833, 2.7194955, 1.3750633, 0.6149763, 4.204661, 1.9967651, 1.4247321, 1.044356, 0.1627488, 4.5175276]","[0.3257770240306854, 2.7144031524658203, 1.3834625482559204, 0.6125012636184692, 4.204282283782959, 2.0126993656158447, 1.4174433946609497, 1.0604593753814697, 0.19767865538597107, 4.417975902557373]"
39,"[-0.72244334, 2.9045572, 1.5460515, 3.0554018, -0.08586228, 1.5403776, -0.40030906, -0.37488014, 0.18119478, -0.24642, -0.01110664, -0.16260958, -0.10070313, -0.05632283, 0.062304482, 0.042731665, 0.10001984, 0.07668355, 0.1322299, -0.015826195, -0.0014694519]","[4.6192727, 1.846251, 3.476452, 3.9776301, 1.0476395, 3.7696962, 4.460083, 3.6298423, 3.2720277, 1.9931138]","[4.619717121124268, 1.8457471132278442, 3.4771225452423096, 3.9869301319122314, 1.0425585508346558, 3.780550718307495, 4.465237140655518, 3.621507406234741, 3.274841070175171, 1.9886975288391113]"
40,"[-0.34394944, 1.5034752, -1.090785, 0.2691055, 4.7711134, -3.1734307, -0.5666771, -0.48951125, 0.19564718, 0.137559, -0.04563807, 0.31764156, -0.07276945, -0.29559803, 0.08265505, 0.11895758, -0.049612954, -0.04927498, 0.03736005, -0.052178156, -0.012932185]","[2.7357152, 4.063168, 0.26816, 1.8594819, 1.9407663, 3.5463126, 2.5297387, 3.5900943, 4.898773, 0.98691356]","[2.7483043670654297, 4.060499668121338, 0.2744770646095276, 1.8430732488632202, 1.9335805177688599, 3.5659992694854736, 2.5176942348480225, 3.6258115768432617, 4.857364654541016, 1.0270041227340698]"
41,"[-0.36942816, 1.2697363, 1.6979022, 0.57881916, -2.0418978, 0.7682619, 0.42547458, 0.6659268, 0.017315164, -0.13873908, 0.034862325, -0.06397623, -0.19219644, -0.16895305, -0.01991462, 0.18997586, 0.012209304, -0.011256754, 0.052827176, -0.0069816634, 0.01403404]","[2.4634907, 0.6922042, 4.306498, 3.2554545, 3.4783773, 0.83797115, 3.4043684, 1.5153263, 1.7430942, 2.897832]","[2.4593629837036133, 0.6934214234352112, 4.304832458496094, 3.2616829872131348, 3.477308511734009, 0.8389075398445129, 3.396665334701538, 1.5341087579727173, 1.7404886484146118, 2.9014828205108643]"
42,"[0.013983011, -0.49329948, 1.2082698, 4.2523327, 1.2948143, -0.35867834, -0.47285903, -0.6205247, -0.09357107, -0.14309219, -0.25899434, -0.25106788, -0.030012801, 0.13691086, -0.05612746, 0.005022698, -0.0694558, 0.083236255, 0.052789405, -0.09070639, -0.028694637]","[2.4278958, 4.701061, 2.1425176, 1.1838644, 0.84562963, 3.9610314, 4.624796, 4.001777, 2.0052633, 1.0738171]","[2.479917287826538, 4.620926856994629, 2.204052686691284, 1.1133571863174438, 0.8228027820587158, 4.029960632324219, 4.571547031402588, 4.113916397094727, 2.0047130584716797, 1.0732487440109253]"
43,"[-0.5220711, 1.7782726, -0.7817893, -5.66497, -1.0822792, 1.3981481, 0.11067057, 0.45131958, 0.36784217, 0.004770398, 0.05663693, 0.15693712, 0.06738448, -0.08845356, 0.04016704, 0.028712042, -0.043654546, 0.10282394, 0.013326198, 0.0943612, 0.032129213]","[2.8724158, 0.7330344, 3.0234761, 4.432351, 4.449493, 1.8193661, 0.71035427, 1.5555398, 3.911052, 3.204153]","[2.8723957538604736, 0.7367516160011292, 3.027172565460205, 4.427619934082031, 4.45070219039917, 1.8246278762817383, 0.7082977890968323, 1.560299038887024, 3.913695812225342, 3.2056422233581543]"
44,"[-0.73760176, 3.2493658, -1.0113835, 0.6057118, 2.8702333, -0.23860407, 0.17545131, 0.20837837, -0.35679942, 0.15878585, 0.2504123, -0.13582209, -0.018186212, -0.026966661, 0.12311013, -0.16138613, -0.027950883, 0.04976562, 0.026725076, 0.077708915, 0.052058756]","[4.4989786, 3.0105174, 1.0437173, 2.3379645, 3.0808425, 0.95844257, 3.6046643, 1.1222523, 3.0540044, 4.6023884]","[4.498331069946289, 3.011728286743164, 1.0415849685668945, 2.3471128940582275, 3.084883689880371, 0.955746591091156, 3.608646869659424, 1.1207220554351807, 3.0511367321014404, 4.613536834716797]"
45,"[0.14160967, -1.119173, 2.325862, 0.28333962, -3.748598, -0.987, 0.009834319, -0.19749987, 0.023688883, -0.11175209, -0.2053661, 0.017596483, -0.09821008, 0.035215497, -0.05630149, 0.042727042, 0.15797731, -0.16168213, -0.06627534, 0.057486642, -0.0030605868]","[0.7841406, 1.8033032, 3.7642398, 3.8102589, 2.2994137, 3.3980918, 2.2572627, 3.4907055, 1.2683166, 1.9878349]","[0.7827266454696655, 1.8071165084838867, 3.7690627574920654, 3.805823564529419, 2.2914817333221436, 3.413282632827759, 2.251145362854004, 3.5056989192962646, 1.2668215036392212, 1.9880688190460205]"
46,"[-0.5837971, 2.543562, -0.7169938, -1.1963487, -1.0528975, 0.67400265, 0.052277848, -0.29497135, 0.12092148, 0.24412741, 0.19636475, -0.26611096, 0.05866447, 0.05797237, 0.06956735, 0.17479736, -0.18251377, -0.09315035, -0.046557367, 0.03359887, -0.001174856]","[1.277768, 3.393647, 3.5141287, 2.538142, 1.3415128, 4.59858, 3.1514616, 0.1087, 3.4809966, 3.6802654]","[1.2847511768341064, 3.384006977081299, 3.5271964073181152, 2.5206046104431152, 1.3514723777770996, 4.56438684463501, 3.116786241531372, 0.1492544263601303, 3.4727184772491455, 3.6843464374542236]"
47,"[2.9315581, -13.041157, 8.561344, 0.75728965, 2.4724627, -0.19377112, -0.09316337, 0.45085585, 0.021414518, 0.19762802, 0.69236565, 0.5355232, 0.21315932, 0.29749548, 0.6120527, -0.30933025, -0.10774128, -0.07306467, -0.06245631, -0.12482775, -0.15290758]","[3.9366288, 2.6961777, 1.6174837, 1.3364549, 3.22083, 2.8715992, 1.6869377, 2.8985763, 0.13688746, 0.69282085]","[3.9896035194396973, 2.6885626316070557, 1.6381452083587646, 1.3115489482879639, 3.191645860671997, 2.936692476272583, 1.6527307033538818, 2.983863353729248, 0.1392725557088852, 0.6876325011253357]"
48,"[-0.7724022, 2.7591271, 3.1380174, 2.416902, -0.54119706, 1.8682709, -0.056292593, 0.19718456, -0.60646147, -0.047973096, -0.1033355, 0.25777745, -0.22577162, -0.24536538, -0.027322866, 0.113231346, 0.08727907, -0.012613796, 0.12171434, 4.644692e-05, 0.042500366]","[3.2458332, 3.8033326, 4.1326723, 4.0793843, 3.9287915, 0.15571472, 4.362113, 4.3699756, 1.9511765, 2.2114744]","[3.244349718093872, 3.8019282817840576, 4.185749053955078, 3.996335029602051, 3.897083282470703, 0.1906997561454773, 4.3474650382995605, 4.402059555053711, 1.9464740753173828, 2.2274484634399414]"
49,"[1.3043399, -2.8583155, -9.126982, -4.8332443, 4.622812, -6.8160944, 0.03753555, 0.20716935, 0.4299047, 0.13488513, 0.22713193, 0.4505368, -0.08460504, -0.09822369, 0.5828095, 0.9093129, 0.46045792, -0.32294607, 0.46066195, -0.028177835, 0.027042404]","[0.90645605, 0.1067, 0.1048, 0.6284551, 1.640167, 2.7499807, 0.2899212, 2.2483196, 4.998, 3.983741]","[0.9238742589950562, 0.21406583487987518, 0.16113747656345367, 0.5481690764427185, 1.6500741243362427, 2.7622413635253906, 0.30778932571411133, 2.274643898010254, 4.70450496673584, 4.326218605041504]"
50,"[-0.87637186, 3.1132588, 2.0579724, -2.712324, -1.4362628, 0.51281285, -0.17923082, 0.24334908, 0.18378821, 0.19325395, 0.06839678, -0.107197315, 0.26997226, 0.055488348, -0.1275942, 0.27705806, -0.08030878, -0.04601731, -0.028973795, 0.019819587, 0.037646376]","[1.4438993, 2.619817, 4.651652, 2.413959, 4.821359, 3.2777538, 2.9495933, 0.24120131, 3.738151, 1.502949]","[1.4471737146377563, 2.6230053901672363, 4.664856910705566, 2.3961734771728516, 4.813408851623535, 3.2960965633392334, 2.9425220489501953, 0.25713273882865906, 3.737058639526367, 1.5087535381317139]"
51,"[1.6825407, -5.3971543, -7.19724, 5.028973, 2.1590502, 0.7385848, 0.89964026, -0.077477336, 0.33307302, -0.18796447, 0.07453857, 0.25429034, 0.109381825, 0.16373076, -0.31811017, -0.10937065, 0.1464059, -0.07623492, 0.030995935, 0.12493227, 0.07472843]","[3.760332, 1.5262856, 0.8993526, 3.0209734, 0.25110567, 1.0965897, 2.1057594, 2.828058, 0.524744, 4.9846]","[3.7259018421173096, 1.3883968591690063, 0.3664472699165344, 4.863511085510254, 0.11378108710050583, 3.833536386489868, 1.424469232559204, 4.757118225097656, 0.558568000793457, 4.797612190246582]"
52,"[-0.5119707, 1.338352, 2.1042292, 2.8675995, 1.3888853, 1.0273209, -0.04502707, -0.04789108, -0.58756673, 0.04090935, -0.12744923, -0.13148859, -0.10748455, 0.10557297, -0.07069932, -0.0393138, 0.0679639, 0.10029473, 0.06577776, -0.029720627, -0.018505797]","[4.1823835, 4.561881, 3.5424259, 0.4820478, 2.4176478, 1.6196055, 3.9872248, 4.590005, 1.6527021, 2.6429107]","[4.202864646911621, 4.506410121917725, 3.521369218826294, 0.5159631371498108, 2.4153687953948975, 1.6209886074066162, 4.025465488433838, 4.490418434143066, 1.6564799547195435, 2.6235897541046143]"
53,"[0.04599595, -0.06900787, -1.5286775, -5.1718297, -3.3272448, -1.0826845, -0.20088047, 0.042963576, 0.49173176, 0.05714315, -0.12529872, 0.17612773, 0.051574364, 0.10738051, 0.027200654, -0.024304137, -0.07656738, 0.04479754, 0.03933829, 0.11958435, 0.07774934]","[1.0579098, 1.2754562, 2.2456725, 3.7536855, 2.8613944, 3.9607801, 0.5929584, 2.139681, 4.4342346, 0.8474668]","[1.0604382753372192, 1.2770416736602783, 2.2656021118164062, 3.7318191528320312, 2.85324764251709, 3.9904375076293945, 0.5921512246131897, 2.1485347747802734, 4.440036773681641, 0.8447045087814331]"
54,"[-0.70227647, 3.4480076, 1.3931527, 1.1332815, -1.6013584, -1.5795331, -0.027338862, -0.32434767, -0.33098993, -0.14028434, -0.15355681, 0.305308, -0.11769359, 0.13042378, -0.039660286, -0.034404725, -0.08451006, -0.09370175, -0.07940777, 0.042490512, -0.004617039]","[0.1112, 3.9960926, 1.2380781, 4.4380136, 3.3120775, 2.6861577, 4.5713463, 4.258264, 2.377208, 3.79649]","[0.14056521654129028, 3.874927282333374, 1.285354495048523, 4.337736129760742, 3.288524866104126, 2.7056772708892822, 4.547327041625977, 4.286391258239746, 2.3820793628692627, 3.7964227199554443]"
55,"[0.071044326, 0.61079884, -4.6053443, -0.2415092, 0.28371313, 2.1965232, -0.03481634, 0.72673225, 0.11371598, 0.10394475, 0.04029371, -0.20503584, 0.013150528, -0.16998933, 0.21181847, -0.07941933, 0.026964158, -0.008703887, -0.0010952279, -0.121156804, -0.13648899]","[4.799301, 0.76396513, 4.5238657, 0.5671925, 1.8580248, 0.81354827, 1.2135326, 1.7766923, 4.276655, 2.1237795]","[4.785956382751465, 0.773951530456543, 4.5089945793151855, 0.5817502737045288, 1.8591171503067017, 0.8106765747070312, 1.2167032957077026, 1.7704108953475952, 4.277451515197754, 2.120971441268921]"
56,"[0.41317797, -2.400609, -0.34512353, 3.0297253, 0.303697, 1.9293692, -0.6602386, -0.19590436, 0.25853702, 0.13823019, -0.095237404, -0.42078757, -0.021104977, -0.22652543, -0.06778581, 0.07099395, -0.050713357, 0.04758153, -0.011532667, 0.009907946, 0.08378704]","[3.1535604, 3.4883592, 3.4548843, 2.023294, 0.72454715, 2.4528437, 2.5375204, 2.095102, 2.440431, 0.1456]","[3.1807472705841064, 3.4858710765838623, 3.5713629722595215, 1.922250509262085, 0.7046883702278137, 2.515965461730957, 2.5079708099365234, 2.1690948009490967, 2.413566827774048, 0.17114290595054626]"
57,"[-0.6131104, 1.1177921, 3.9361186, -0.8209609, -0.21334508, -0.14207864, 0.44690812, -0.036439776, 0.0673829, -0.14448465, -0.052441776, 0.082710326, 0.058357805, 0.20837468, -0.2686257, 0.016513743, 0.031526566, -0.086014, -0.016130298, -0.0011511473, -0.037185095]","[2.2204115, 2.2155797, 2.8670812, 2.1786869, 4.2580285, 4.8083415, 2.412342, 3.3964248, 1.0335575, 3.4450767]","[2.225222587585449, 2.2193357944488525, 2.823246717453003, 2.2256155014038086, 4.20471715927124, 4.951922416687012, 2.4438717365264893, 3.3394687175750732, 1.048918604850769, 3.4046247005462646]"
58,"[0.6756886, -5.045255, 5.3117146, 0.38747752, -0.038903356, 0.32836962, -0.7427465, 0.03623203, 0.20450056, -0.010582093, -0.23709942, -0.009555489, 0.17689976, -0.06816685, 0.0005237609, -0.084361196, -0.002482757, -0.06192622, -0.0301686, 0.06861067, -0.08044161]","[2.2197413, 2.8472152, 2.3409007, 2.8291552, 2.927806, 3.0589328, 1.6358142, 3.4854314, 1.3370261, 0.41819334]","[2.278733730316162, 2.689362049102783, 2.4068808555603027, 2.784796714782715, 2.707706928253174, 3.4292452335357666, 1.7453192472457886, 3.2834079265594482, 1.304201602935791, 0.46842536330223083]"
59,"[-0.11182749, 2.3156662, -4.4385552, 2.3320642, -0.43780547, 1.4039936, 0.08845578, 0.80977345, -0.22177693, 0.084625036, 0.14639843, -0.016577177, 0.046131313, -0.2554412, 0.2413013, -0.031601585, -0.17142592, -0.049369097, 0.04603494, -0.05164212, -0.1648241]","[2.9468064, 1.5818427, 3.0578017, 2.1049721, 2.0857897, 0.1134, 2.9078572, 1.306226, 4.9647174, 2.4687145]","[2.948282241821289, 1.5942018032073975, 3.0655088424682617, 2.1333560943603516, 2.0458414554595947, 0.1284736543893814, 2.9288711547851562, 1.2744683027267456, 4.80728006362915, 2.7005088329315186]"
60,"[0.6185589, -2.3409147, -7.4927783, -5.3395, 2.5432978, 4.169456, -0.1917495, -0.76657146, 0.054340422, -0.109602034, -0.15001836, 0.42743275, -0.15741526, 0.030935884, 0.2132071, -0.39940262, 0.1516726, 0.050943144, 0.25843877, 0.07332742, 0.029191136]","[4.2322125, 4.803491, 1.4868873, 4.0118456, 0.6616947, 2.3339453, 0.2167637, 1.4379338, 3.7377608, 3.4621294]","[4.476180076599121, 4.4784932136535645, 1.4945112466812134, 4.021737098693848, 0.6507718563079834, 2.3934245109558105, 0.20296703279018402, 1.4969054460525513, 3.7855777740478516, 3.4020297527313232]"
61,"[0.39580107, -1.8285055, 5.163189, 0.7376665, -5.2259912, -3.8336387, 0.19603524, -0.34122917, -0.3548794, -0.20649797, -0.029262304, -0.010238603, 0.23066556, 0.048295498, -0.15620455, -0.14332753, 0.30113304, -0.2411511, -0.020046264, -0.020815246, -0.010228822]","[0.16072142, 1.263305, 4.193431, 0.70985, 4.1866646, 4.589494, 4.170475, 4.281684, 0.7854811, 2.1972916]","[2.3157479763031006, 4.234247207641602, 4.468834400177002, 0.6797729730606079, 4.354406833648682, 3.364699602127075, 3.045327663421631, 4.416994094848633, 0.6888570785522461, 1.360571265220642]"
62,"[-0.59510565, 1.701467, 0.5514786, -3.7053022, -0.5535386, 0.17120028, -0.07334024, 0.032141328, -0.03396961, 0.31841007, -0.19505227, 0.051166028, 0.13204095, 0.24200206, -0.10998561, 0.085524514, -0.029115245, -0.086717986, -0.08148259, -0.040719427, -0.0007507354]","[1.1467992, 4.03001, 3.8512268, 0.72746027, 3.9813232, 3.6874301, 1.0055201, 2.4049754, 2.7400672, 2.9618142]","[1.144443392753601, 4.033356666564941, 3.8655478954315186, 0.7081509828567505, 3.9763123989105225, 3.690279245376587, 1.002596139907837, 2.413836717605591, 2.738157033920288, 2.9646780490875244]"
63,"[1.5820012, -6.470333, 3.2344437, 7.149247, -0.5879897, 0.9765842, -0.3235078, 0.27519158, 0.045219123, -0.63270074, -0.049794957, 0.044997796, -0.037489384, -0.20438874, 0.37930524, -0.045853205, 0.06955207, 0.11910603, 0.041205846, -0.053638548, 0.25673836]","[3.9758143, 0.6964137, 1.6675316, 4.4443502, 1.1902044, 0.98170525, 4.583039, 4.3404956, 0.8540792, 0.87966895]","[3.9914464950561523, 0.6947969794273376, 1.6928061246871948, 4.404739856719971, 1.184395670890808, 0.9888910055160522, 4.6059794425964355, 4.287692070007324, 0.855667233467102, 0.8742830157279968]"
64,"[-0.308362, 0.7056875, 0.106874466, 1.4338869, -0.12169978, 2.4431272, -0.17340702, -0.11743587, 0.012261391, 0.17440638, -0.085031986, -0.1397438, -0.14669384, -0.11862546, 0.020546556, 0.07927398, 0.09585857, 0.044993006, -0.053810187, -0.024826258, -0.024906412]","[3.738962, 3.2305956, 4.7773824, 2.4303293, 1.5251365, 1.7505758, 2.0501459, 2.7527783, 2.439796, 1.582948]","[3.739179849624634, 3.23671293258667, 4.754064559936523, 2.4605181217193604, 1.527434229850769, 1.7497249841690063, 2.043797254562378, 2.7735917568206787, 2.4481382369995117, 1.5830624103546143]"
65,"[-0.7338605, 3.5027876, -0.5129585, -2.3864067, 0.7079329, -2.1305876, 0.19201508, 0.02162844, 0.26607108, -0.014752872, 0.32517013, -0.0016789772, 0.15348595, 0.062051, 0.09716146, 0.03354086, -0.30433407, -0.09407975, -0.00064760074, 0.020850345, 0.20194985]","[1.4850694, 2.0172985, 0.53699565, 3.1549134, 3.6998265, 3.8352299, 3.70538, 0.1756, 4.2406807, 4.420587]","[1.4918922185897827, 2.0082876682281494, 0.541957437992096, 3.1415586471557617, 3.6963741779327393, 3.841559648513794, 3.665890693664551, 0.2209261655807495, 4.241162300109863, 4.416943550109863]"
66,"[-0.71943164, 2.27357, 0.7576947, -2.8598716, -1.1970532, 2.1409862, -0.08391084, -0.36276662, 0.22772276, 0.2942177, -0.02724275, 0.16823871, 0.025697172, -0.011227012, -0.04875432, 0.14078653, 0.060837924, -0.008994084, -0.12138586, 0.074832834, -0.03638064]","[2.0614893, 4.175783, 4.530452, 4.715812, 2.5510337, 4.4550476, 1.2609941, 2.0409021, 3.1563265, 2.5389116]","[2.0588228702545166, 4.1908087730407715, 4.558913707733154, 4.674983978271484, 2.5386269092559814, 4.491835594177246, 1.2603391408920288, 2.0499000549316406, 3.158294916152954, 2.5502707958221436]"
67,"[-0.0055806637, 0.3776245, -0.43756342, 2.54722, 4.936137, -4.5506096, 0.41779143, 0.06673014, 0.110847026, -0.30835173, 0.008803666, 0.4425859, -0.38627192, -0.19249299, 0.011910249, 0.19681135, 0.21664852, 0.24316782, -0.15407918, 0.04048731, -0.08201942]","[3.2113047, 0.82442784, 0.18883751, 1.0964067, 2.6756399, 2.1821482, 4.437764, 4.3332057, 1.2834907, 4.096895]","[3.2076497077941895, 0.8121602535247803, 0.18959419429302216, 1.0840625762939453, 2.666198253631592, 2.189586877822876, 4.4315009117126465, 4.400294303894043, 1.257743000984192, 4.177849769592285]"
68,"[-1.0135556, 3.5718384, 2.2335658, -0.27365297, 0.18710238, 1.5950626, 0.2228592, 0.24125487, -0.2922377, 0.099971384, 0.05037406, 0.14624071, -0.08209787, -0.12774116, -0.08643806, 0.01838316, 0.093461305, 0.0066828188, 0.018408684, 0.012350604, 0.018579599]","[3.951988, 2.8167667, 3.4397762, 3.6157892, 4.781556, 0.68954295, 2.3783271, 3.140052, 2.181806, 3.642611]","[3.962916374206543, 2.8163139820098877, 3.471102476119995, 3.559619665145874, 4.772740840911865, 0.6964738965034485, 2.3584351539611816, 3.1891138553619385, 2.1759307384490967, 3.6573472023010254]"
69,"[1.074558, -2.7144232, -5.7930675, 3.498957, -0.83063173, -1.1270709, -0.5074455, -0.30945033, 0.56397253, -0.028728858, -0.045278735, -0.53501964, 0.12876618, 0.13509837, -0.08987254, 0.12603542, -0.066583134, -0.043003228, 0.04391876, 0.07824853, 0.15059547]","[0.9833597, 1.9081227, 1.7868321, 2.352629, 0.1011, 2.5580347, 3.434347, 0.1165, 3.7638526, 0.6582337]","[0.9783923625946045, 1.910717248916626, 1.765105128288269, 2.352224349975586, 0.14050397276878357, 2.4379725456237793, 3.330252170562744, 0.287628710269928, 3.780897617340088, 0.640012264251709]"
70,"[0.043213606, 0.13385868, -2.134635, 0.010812283, 1.517573, -2.7932026, 0.22564471, -0.4842742, 0.024559408, 0.109610885, -0.11910342, 0.11867541, -0.18978456, 0.15108758, 0.0024015382, 0.06563543, -0.15289593, -0.037637085, -0.11647579, -0.10410072, 0.006377562]","[0.4972064, 3.7565722, 0.6668848, 1.4408998, 1.1591823, 4.1031117, 1.9901396, 3.3346553, 1.7940304, 4.9233]","[0.4870350956916809, 3.803978204727173, 0.662556529045105, 1.4518015384674072, 1.163821816444397, 4.084990978240967, 1.9856547117233276, 3.3422908782958984, 1.8262866735458374, 4.817910671234131]"
71,"[-1.1695945, 4.6044693, 1.3497648, -1.4825673, 0.2642864, 1.8693641, -0.18767011, 0.23149467, 0.0066726804, 0.22615886, 0.22546026, -0.105976194, 0.21129522, -0.19403952, 0.032834522, 0.053150315, 0.06023048, 0.018170351, 0.00528799, -0.0005435273, 0.03222708]","[4.367876, 2.5109265, 3.866329, 3.0083516, 4.3944707, 1.7246381, 2.784368, 0.64869386, 4.8370986, 1.9748167]","[4.375586986541748, 2.500295639038086, 3.8746564388275146, 2.9994988441467285, 4.383298873901367, 1.739865779876709, 2.782593011856079, 0.6581838130950928, 4.837137222290039, 1.9858344793319702]"
72,"[0.1582346, -1.8637295, -2.3767462, -5.1409855, 2.624185, -0.2015276, -0.42840132, 0.3992446, -0.30207846, 0.4328751, -0.29706854, -0.23787443, 0.05218464, 0.22289908, 0.04072672, -0.074447036, 0.040820517, -0.11087337, 0.09603381, -0.11352971, 0.05652161]","[3.423634, 3.9011993, 2.008189, 0.1636, 3.4197478, 0.80825675, 0.42417732, 1.5919902, 3.2827845, 1.3117266]","[3.399035692214966, 3.942662000656128, 1.94474458694458, 0.22855843603610992, 3.4639179706573486, 0.7659077048301697, 0.42579978704452515, 1.6013432741165161, 3.2955238819122314, 1.3131287097930908]"
73,"[0.22714281, -1.8458691, 3.9711173, 2.26783, -1.9102871, -0.68395996, 0.7231889, -0.0033622682, 0.16398567, -0.619564, -0.06029074, -0.032698274, -0.12301977, 0.034702957, 0.062305942, -0.06630018, 0.14684126, -0.15196729, 0.00503223, 0.052202947, -0.0005744267]","[2.476938, 0.1153, 2.6813493, 4.0024495, 1.9174039, 3.3952446, 4.054368, 4.1261506, 0.29400954, 3.1432526]","[2.4594688415527344, 0.12796834111213684, 2.431518316268921, 4.5491204261779785, 1.7773207426071167, 3.581254005432129, 4.239218711853027, 3.994023084640503, 0.26876264810562134, 3.2485365867614746]"
74,"[0.25070286, -2.9891853, 2.7439249, 0.4709584, 4.051056, -2.5097935, -0.05341103, 0.040379286, -0.13344437, 0.06684705, -0.13438192, 0.005999446, 0.03461045, -0.22015601, -0.18938242, -0.05869457, -0.16952167, 0.07167369, 0.013943236, 0.1028008, -0.000742618]","[2.6849449, 3.5615323, 0.31147182, 1.9671006, 4.7777205, 1.5298114, 3.1007032, 1.7822262, 1.390285, 0.82379186]","[2.689340829849243, 3.5722525119781494, 0.3192707300186157, 1.9481240510940552, 4.746382236480713, 1.5639199018478394, 3.1026859283447266, 1.7777551412582397, 1.3847832679748535, 0.8268228769302368]"
75,"[-0.15017772, 1.231041, -1.3047218, 0.37419844, -2.6852798, 0.4810896, 0.14511892, -0.018230855, 0.7006879, -0.35819033, -0.05803196, -0.100652665, -0.21594559, 0.053685606, 0.1465618, 0.03641233, 0.1439128, -0.02096872, -0.04669918, -0.013468415, -0.042896993]","[2.536306, 0.1543, 4.179451, 3.7517965, 0.8639202, 3.9098318, 1.7228895, 3.7324219, 2.9873562, 2.6571088]","[2.5438899993896484, 0.1701871156692505, 4.236854076385498, 3.680896759033203, 0.8522911667823792, 3.962948799133301, 1.6848061084747314, 3.850278854370117, 2.9743354320526123, 2.6888771057128906]"
76,"[-1.0751956, 4.9966164, 0.028042316, 1.503104, 2.9442296, -0.5153637, -0.068082646, -0.25302297, -0.24876481, 0.045315083, 0.19072351, 0.042377174, 0.08280897, 0.1785739, 0.1537268, -0.11068378, -0.01913187, 0.20194885, 0.0010423288, -0.076892346, 0.0039674137]","[4.421466, 3.4875603, 1.5831226, 1.0097269, 2.3419094, 3.3092895, 4.169244, 3.3132622, 4.0911617, 4.486216]","[4.4308013916015625, 3.478280544281006, 1.5980979204177856, 0.9988418221473694, 2.3380582332611084, 3.324256181716919, 4.147446155548096, 3.367743968963623, 4.086801528930664, 4.508885383605957]"
77,"[1.4307795, -6.463381, -3.2732897, -8.987418, -4.043784, 1.0875072, -0.40100735, -0.2523811, -0.6203884, -0.44809163, -0.20084453, 0.3614283, -0.18745744, 0.09472093, -0.0012396239, 0.23712371, -0.14577667, 0.37855515, 0.09657349, 0.114034005, 0.047855403]","[0.6492522, 2.1559238, 3.5916007, 4.1400957, 3.138641, 1.3598435, 0.2947696, 1.1598272, 2.0566492, 1.6585187]","[0.6411463618278503, 2.167328357696533, 3.5721590518951416, 4.191205024719238, 3.1561057567596436, 1.339592695236206, 0.29266688227653503, 1.1634339094161987, 2.075460195541382, 1.6444578170776367]"
78,"[-1.2103204, 6.007353, 1.4413457, 0.8924808, -1.8780851, 0.121767044, -0.14223683, -0.07060158, -0.22293606, -0.11010306, 0.025448114, 0.25941336, 0.06149137, 0.052897215, 0.17345847, 0.13982642, -0.010329753, -0.07200962, 0.045197524, 0.028611556, -0.010892734]","[1.3233432, 2.9194145, 4.1854796, 3.7953923, 3.5039294, 2.1424477, 4.7302437, 3.1961637, 4.6607957, 3.490522]","[1.3252348899841309, 2.929492473602295, 4.182742118835449, 3.8013174533843994, 3.5065248012542725, 2.1518239974975586, 4.728862285614014, 3.2012617588043213, 4.660696506500244, 3.4940106868743896]"
79,"[1.3096724, -7.839796, -0.5311087, -4.8241763, 4.274781, -1.0568862, -0.47289807, -0.1656382, 0.42366955, -0.075841546, 0.24780041, -0.2676248, -0.032841742, -0.14602356, -0.26367915, -0.014976494, -0.06614378, -0.13850173, 0.24805407, -0.20979947, -0.1243318]","[3.1599164, 2.372904, 0.8167761, 0.54572254, 1.7404721, 4.4647217, 0.9814119, 0.3439597, 1.5255748, 0.1097]","[3.171894073486328, 2.3593080043792725, 0.7752649188041687, 0.6466858983039856, 1.8524645566940308, 4.303043842315674, 0.9730436205863953, 0.3786333501338959, 1.5126354694366455, 0.13499964773654938]"
80,"[0.64489543, -4.681276, 3.527337, 3.5056121, 0.97064406, 1.7867502, 0.60338813, -0.5798436, -0.26724237, 0.01563543, -0.010124743, -0.1599282, 0.12709305, -0.021501273, 0.2098305, 0.026093334, -0.027212322, 0.027952272, 0.026824672, 0.02867594, 0.04797654]","[3.3353114, 4.335324, 2.6024473, 3.0814388, 1.1339837, 2.7948732, 3.3560474, 2.389258, 0.19977744, 2.0814786]","[3.368027687072754, 4.300515651702881, 2.624711275100708, 3.0545294284820557, 1.125826120376587, 2.8096728324890137, 3.339787483215332, 2.427124261856079, 0.19640904664993286, 2.1023874282836914]"
81,"[-0.5180837, 3.1846704, -0.7790084, 0.1389842, -1.3679097, -1.5510182, 0.12692595, 0.68390477, -0.06611862, -0.20720333, -0.06450082, 0.11956413, -0.073776424, -0.009733319, 0.15265389, -0.1413384, 0.021221578, 0.035193443, -0.107369706, -0.018280402, -0.041072298]","[1.8396263, 1.0084704, 2.2005143, 1.9746432, 3.7568212, 0.2195, 2.2184792, 4.189155, 3.501757, 4.1540356]","[1.8384772539138794, 1.0117565393447876, 2.2275311946868896, 1.937794804573059, 3.7323243618011475, 0.25487616658210754, 2.2070260047912598, 4.236603736877441, 3.4867372512817383, 4.179397106170654]"
82,"[1.116514, -0.45157528, -8.834787, 8.331794, 0.71393085, 0.7997569, -0.4311996, 0.3254939, -0.21287227, -0.078699924, -0.018298231, -0.07459253, 0.7406813, 0.7402173, -0.22508654, 0.00785704, 0.15932919, 0.063460454, -0.042856894, 0.16175738, -0.003336355]","[1.6736866, 3.463435, 2.687976, 0.1159, 0.38537434, 0.7714635, 4.627579, 2.3242385, 4.5396786, 1.9523511]","[1.6687736511230469, 3.5003135204315186, 2.6401920318603516, 0.17338168621063232, 0.3913508653640747, 0.7595466375350952, 4.563683986663818, 2.4415078163146973, 4.563358306884766, 1.9406909942626953]"
83,"[-0.339983, -0.0770216, 0.12084961, -7.5513597, 0.48378384, 2.3820074, 0.32076937, -0.09560245, -0.010272682, -0.26742148, 0.4250335, 0.006109923, 0.12453589, -0.2553448, -0.34059328, -0.048754238, 0.08999503, 0.07155123, -0.2905444, 0.10096663, -0.036306858]","[3.5621166, 2.079891, 2.584721, 3.8956697, 4.4015155, 4.2397337, 0.96207064, 0.5812095, 1.608796, 4.671188]","[3.5253865718841553, 2.119126081466675, 2.5064072608947754, 4.035106182098389, 4.480743885040283, 4.097569942474365, 0.9705771803855896, 0.5716084837913513, 1.6408251523971558, 4.611446857452393]"
84,"[-0.42530775, -0.3729515, 4.8604937, 1.0746559, 0.983352, 1.5267702, 0.47486246, -0.3340835, -0.33742228, 0.0875287, 0.07517254, -0.09589392, 0.08127031, 0.060269177, -0.15659837, 0.040190373, 0.0790738, -0.0013753548, 0.11542208, 0.005080253, -0.049849436]","[4.337111, 4.1869855, 4.0656605, 1.5702975, 2.8061683, 3.7722588, 3.269691, 2.506576, 0.50817716, 3.0943747]","[4.716333866119385, 3.566195011138916, 4.075679302215576, 1.5681208372116089, 2.7557060718536377, 3.916273593902588, 3.1473257541656494, 2.6934432983398438, 0.515087366104126, 3.0341873168945312]"
85,"[0.17572236, 1.0099549, -1.3817525, 1.0750365, -3.9505224, -4.219442, -0.3884859, 0.052318037, 0.004653722, -0.14834192, -0.00822103, -0.030554816, -0.072286084, -0.23829892, 0.030301437, -0.36474523, 0.20365071, -0.0020125285, -0.117268465, -0.028625473, -0.0067552775]","[0.9204233, 0.6421705, 1.3902171, 2.7949789, 2.4237409, 2.0609925, 2.432499, 4.599468, 3.6395893, 1.1373423]","[0.9181073904037476, 0.6480005383491516, 1.397009253501892, 2.7798104286193848, 2.4262304306030273, 2.060669183731079, 2.4450011253356934, 4.563213348388672, 3.644198417663574, 1.1367744207382202]"
86,"[0.67028, -1.7697678, -3.629211, 2.2503493, -1.6277282, 0.044742584, 0.41332513, 0.058969855, -0.5217718, 0.30638036, -0.11632179, 0.19324537, -0.22100571, -0.08737099, -0.1006636, 0.08277551, -0.25745633, -0.060323335, -0.043866508, -0.010718644, -0.044520706]","[0.5963267, 4.3741174, 2.2979188, 3.3851266, 1.7365519, 0.1201, 2.8138547, 1.7329078, 0.898851, 4.485838]","[0.6068776845932007, 4.353921890258789, 2.3112871646881104, 3.3755605220794678, 1.7180309295654297, 0.136105015873909, 2.7965011596679688, 1.7537862062454224, 0.8880245089530945, 4.537410736083984]"
87,"[-0.9287285, 3.038645, 2.2168446, -0.5343853, 0.35091075, 1.2411537, 0.050889157, 0.15132183, 0.13717817, -0.069931455, 0.039935127, -0.029132068, 0.0069743097, -0.021000206, -0.08302379, -0.038533993, 0.14848404, 0.03315243, 0.008580238, -0.0237827, -0.013497267]","[4.7470746, 1.3010616, 3.633275, 2.4163783, 3.3568974, 2.8767061, 1.7659625, 3.940546, 2.7349615, 2.308017]","[4.758798122406006, 1.284975290298462, 3.651240587234497, 2.3772099018096924, 3.346759796142578, 2.888674259185791, 1.7493116855621338, 4.000760078430176, 2.7367875576019287, 2.300318956375122]"
88,"[-1.122086, 4.217219, 2.8399758, 0.08243203, 1.3161147, -0.5331962, -0.4078647, -0.20082164, 0.16570309, -0.20721121, -0.009605378, 0.19485396, 0.13263968, -0.046981633, -0.115654275, -0.1498621, -0.060886383, -0.008213857, 0.05662451, 0.015687138, 0.045713484]","[3.1202285, 2.5838752, 0.8193521, 4.7910204, 4.220029, 4.638556, 3.8934352, 3.5864887, 4.238495, 0.3688178]","[3.1271092891693115, 2.653808355331421, 0.90660160779953, 4.360152721405029, 4.29420280456543, 4.4920334815979, 3.705608367919922, 3.946885108947754, 4.246576309204102, 0.35901278257369995]"
89,"[0.5914166, -2.297596, -4.946243, -4.45522, -1.3834372, 1.5837284, 0.09400228, 0.05017656, 0.07922247, -0.0043576956, -0.118415415, -0.2744548, -0.10674982, 0.24885781, 0.124868594, 0.1232388, -0.027279317, 0.08304791, 0.08997065, -0.10879381, -0.15927172]","[2.184226, 1.4102018, 4.4363036, 1.3949939, 0.7371955, 2.2305367, 0.58563966, 1.3573403, 2.3055172, 3.431256]","[2.1705408096313477, 1.415749430656433, 4.466781139373779, 1.3797422647476196, 0.7325302958488464, 2.2450008392333984, 0.5869590640068054, 1.3559327125549316, 2.300220251083374, 3.4454116821289062]"
90,"[-0.47510386, 0.5990591, 3.572676, 0.6659043, 0.14029014, 0.7865863, -0.7088498, 0.16782802, -0.1457398, 0.23323219, -0.10958648, -0.31490555, 0.15306434, -0.11520636, -0.14836183, 0.17036282, -0.09483183, 0.03078629, 0.08141334, 0.017202541, 0.034093242]","[2.0337467, 4.9370875, 3.8016243, 1.1254345, 3.5311615, 2.054896, 4.136417, 0.1377, 3.1343966, 0.1411101]","[2.1144423484802246, 4.748175621032715, 3.9752941131591797, 0.9332841038703918, 3.5121490955352783, 2.091296434402466, 4.022207260131836, 0.3175886273384094, 3.079735040664673, 0.16537505388259888]"
91,"[0.35992146, -2.9499207, -1.4204786, -4.172757, 0.43709862, 0.36352205, 0.49671972, -0.04604441, 0.44829938, 0.051538587, -0.24756956, 0.07403131, -0.17837119, 0.14891715, -0.024670325, -0.14921647, 0.05006601, 0.047866285, 0.1658, -0.008439451, -0.040765584]","[3.3578806, 1.2580646, 1.3827465, 3.1908395, 1.7715579, 3.545088, 0.3477972, 2.5488565, 1.2392566, 3.6863754]","[3.364717960357666, 1.2511438131332397, 1.3879128694534302, 3.18575382232666, 1.7556167840957642, 3.575025796890259, 0.34500718116760254, 2.557243585586548, 1.2383029460906982, 3.695852041244507]"
92,"[-0.8401349, 3.2509642, 1.1611398, 2.0000062, 0.6617837, 1.4136035, 0.114361346, -0.31776786, -0.14929791, -0.061317563, 0.03559184, -0.14270988, -0.10113737, 0.1712609, 0.01671476, -0.00076183677, 0.14407448, 0.04820794, 0.05341804, -0.06390646, -0.080448404]","[4.5900393, 2.9648495, 4.5091577, 0.6631822, 1.4129485, 3.5713582, 3.3562214, 4.5519032, 2.1301072, 3.7374506]","[4.587494373321533, 2.969496011734009, 4.5266852378845215, 0.6486968994140625, 1.4069818258285522, 3.5910849571228027, 3.3802878856658936, 4.504566192626953, 2.1295769214630127, 3.745797872543335]"
93,"[0.30452132, -0.034859657, -3.4527988, -2.5776963, -2.3485796, -3.5691314, -0.11675905, 0.23469326, -0.16360731, 0.19731939, 0.012041748, 0.25276703, -0.03069657, -0.21645206, 0.066437796, -0.21446024, -0.17831895, -0.04953537, 0.045009673, 0.13445392, 0.05490925]","[0.42189196, 1.3827268, 0.20229678, 3.6653314, 4.0528684, 0.95162785, 1.4839194, 2.7857049, 4.0153666, 2.357444]","[0.4243941009044647, 1.380608320236206, 0.21319571137428284, 3.6369786262512207, 4.046658992767334, 0.9548006057739258, 1.481489658355713, 2.7954294681549072, 4.011218547821045, 2.3647520542144775]"
94,"[-0.67895085, 2.4637313, 2.8058038, 0.3142401, -1.4228973, -0.8409097, 0.019546628, -0.06578654, -0.2077058, -0.13916035, -0.15576243, 0.2366358, -0.05600898, 0.082349956, -0.13782609, 0.007361889, -0.017502055, -0.10738767, -0.04844492, 0.057934716, 0.015028782]","[0.9527821, 3.0570097, 2.146877, 4.2778277, 4.4130764, 2.4715874, 3.6100926, 3.85127, 2.0049932, 2.6897085]","[0.9513582587242126, 3.0603766441345215, 2.1425485610961914, 4.28550910949707, 4.415075778961182, 2.4662580490112305, 3.6092941761016846, 3.852194309234619, 2.0031683444976807, 2.683589458465576]"
95,"[-0.3841772, 1.7201881, -1.9715347, 0.55641794, 1.426667, 0.7846124, -0.39321312, -0.27741075, 0.3411305, 0.1037331, 0.09243561, -0.48200583, 0.08842347, 0.016231269, 0.14313507, -0.015889734, -0.0022181068, -0.03851059, 0.01252763, -0.14163099, -0.01628083]","[4.2397738, 2.0520005, 2.7887611, 0.9946352, 0.41428497, 4.524757, 2.2615623, 1.5772169, 4.7561865, 1.1369812]","[4.256356239318848, 2.0309622287750244, 2.8207595348358154, 0.9620099663734436, 0.400865375995636, 4.5919060707092285, 2.2516400814056396, 1.5939645767211914, 4.756227970123291, 1.1448736190795898]"
96,"[-0.69075334, 2.5321045, 0.73905706, 1.847803, 2.2040832, -0.16278696, -0.27382958, -0.37846398, -0.058438897, -0.005399525, 0.07784333, -0.1145978, -0.029531062, -0.06471813, -0.020559177, -0.110760055, -0.13907847, 0.01676539, 0.12074575, 0.007327378, 0.04333663]","[3.6295147, 4.0550675, 0.874957, 3.4052503, 2.112323, 2.9377072, 4.841477, 1.3562218, 3.3541403, 1.4058442]","[3.6293342113494873, 4.057446479797363, 0.8770902752876282, 3.405628204345703, 2.107301712036133, 2.946727991104126, 4.830080986022949, 1.377142071723938, 3.352158784866333, 1.4104048013687134]"
97,"[1.2810671, -5.700781, -0.39026523, -1.0112318, -3.7953172, -0.7314688, 1.0816927, 0.5942948, -0.19614165, -0.1277177, -0.14754632, 0.008159578, -0.18562475, -0.11384958, 0.073676154, -0.0018307976, 0.110327706, -0.09419785, 0.03722497, -0.100857995, -0.03151217]","[1.7119385, 0.22948296, 3.5082817, 3.014619, 2.9872394, 0.1635, 0.8928811, 3.4621909, 0.17883849, 4.54606]","[1.6945092678070068, 0.24927915632724762, 3.547680377960205, 2.953972816467285, 2.9320554733276367, 0.22449015080928802, 0.88968825340271, 3.5076987743377686, 0.18748171627521515, 4.524354457855225]"
98,"[0.32515836, -1.0824299, -1.5095186, 3.2080197, 1.9192803, -1.995065, -0.01217562, 0.13091925, -0.34156433, -0.04550536, -0.26984963, -0.05958295, -0.18478304, 0.14044446, -0.06335721, -0.09292628, -0.019117355, 0.16024041, -0.12834449, 0.07363835, -0.04985757]","[1.7310549, 2.9674532, 1.1683618, 1.0970935, 1.7848831, 1.3087435, 3.3179088, 3.8814795, 1.5848033, 2.384626]","[1.732944369316101, 2.9698309898376465, 1.1661062240600586, 1.1010819673538208, 1.786159634590149, 1.3084434270858765, 3.3173060417175293, 3.8850879669189453, 1.5880126953125, 2.387045383453369]"
99,"[-1.2679393, 5.5310764, 1.1881514, -1.3475201, -0.8551825, 1.7502509, 0.12230307, 0.016345024, 0.22482711, 0.016912624, 0.23370832, 0.1211378, 0.123016, -0.060453117, 0.11496813, 0.10696657, 0.085508674, -0.03143565, -0.003943518, 0.029515937, -0.015265789]","[3.4980342, 1.8240103, 4.2874665, 4.5826545, 3.5635486, 3.0669792, 2.42947, 2.0055728, 4.443275, 4.066797]","[3.496565341949463, 1.8321658372879028, 4.291070938110352, 4.579084396362305, 3.5660080909729004, 3.066131353378296, 2.4278221130371094, 2.0164265632629395, 4.438643932342529, 4.079225540161133]"
100,"[-1.4262428, 5.7386174, 2.6650558, -0.21859413, 1.3329873, 0.5618814, -0.02670743, -0.21026838, -0.17261094, 0.09079749, 0.24823858, 0.029559404, 0.24084097, 0.11867088, -0.08184411, 0.005195491, -0.017862007, 0.057815507, 0.09077117, -0.031533606, 0.06663836]","[3.7759428, 4.4352136, 2.440694, 2.5529015, 4.3294272, 4.1633697, 4.6065936, 1.0493767, 3.6838987, 3.5268521]","[3.772218704223633, 4.442132949829102, 2.435659885406494, 2.5754666328430176, 4.333314418792725, 4.163633346557617, 4.612706184387207, 1.045348882675171, 3.6865811347961426, 3.5336592197418213]"
101,"[3.1680694, -12.888122, 1.2572117, 2.7815824, -3.3046713, 0.27298737, 0.029295355, 0.10772644, 0.34078306, -0.09931463, -0.022957861, 0.17190593, 0.16989638, 0.016083896, 0.61484104, 0.04839635, 0.14067069, 0.10282104, -0.16747917, -0.069342434, 0.21770172]","[1.0517541, 1.0010672, 3.3966472, 3.4389238, 0.9837637, 1.4166028, 1.3516942, 3.314798, 0.44049525, 0.7435699]","[1.060033917427063, 1.0012880563735962, 3.4795942306518555, 3.3626840114593506, 0.9762356281280518, 1.4375618696212769, 1.322852373123169, 3.4044289588928223, 0.43995848298072815, 0.7460570931434631]"
102,"[2.2782822, -2.1707172, -11.909199, 10.23174, -2.9022691, 3.5499456, 0.43679494, 0.19283268, 0.2052871, 0.019755103, 0.37524092, 1.1320573, 1.1430601, 0.15127662, -0.95260483, 0.19846389, -0.19818297, -0.18638793, -0.07267261, -0.13659005, -0.049629048]","[0.8367188, 3.703064, 4.6205807, 2.637149, 0.25994954, 0.65241736, 3.238679, 1.2328304, 2.792751, 3.955772]","[0.7645449638366699, 3.8374433517456055, 4.614724636077881, 2.737506151199341, 0.26055482029914856, 0.6518338918685913, 3.2494091987609863, 1.2206127643585205, 2.770878791809082, 4.0616278648376465]"
103,"[0.45831227, -4.465235, 1.8373836, -3.8302717, 3.8594265, -2.1628938, 0.52702224, 0.29667202, 0.44863755, -0.051878568, -0.20291115, 0.18488201, 0.04169397, -0.09084493, -0.17740571, -0.13020001, 0.02053544, 0.10797772, 0.0915667, -0.045788683, -0.053661782]","[4.77803, 0.27377823, 0.5309178, 1.5510461, 4.56462, 2.9827971, 1.0144479, 2.7201383, 0.870403, 1.8438299]","[4.754245281219482, 0.30947911739349365, 0.5294552445411682, 1.556862235069275, 4.571522235870361, 2.977827310562134, 1.0075205564498901, 2.7508037090301514, 0.8707253336906433, 1.8546324968338013]"
104,"[-0.7160216, 1.7048926, 4.1720977, 0.8113856, -0.3520944, 1.175431, -0.47442093, -0.27300227, 0.048732072, -0.08262749, -0.13302134, 0.041364074, 0.06742084, -0.021653354, -0.13131134, 0.059791364, 0.107413664, -0.047711015, 0.037541308, 0.040050928, -0.043067224]","[2.7020564, 3.7209537, 3.5821576, 3.997472, 2.7456763, 4.611115, 2.7954872, 4.2339354, 2.4024823, 1.2113029]","[2.788405656814575, 3.601687431335449, 3.7886242866516113, 3.718792676925659, 2.8169467449188232, 4.382534980773926, 2.629045009613037, 4.5973052978515625, 2.405742883682251, 1.2250691652297974]"
105,"[-0.4149053, 2.130062, -2.3864708, -1.4738386, 2.4486432, -1.5358181, -0.1488421, 0.31356323, -0.096170545, 0.19891863, 0.033046216, -0.22160563, 0.13121828, 0.22167784, 0.21821536, -0.034985125, -0.056964934, 0.0384012, -0.09787782, -0.03865549, 0.010150082]","[2.528904, 2.5654268, 1.7326655, 0.1047, 2.3909624, 2.3067567, 1.7130727, 2.274641, 4.3024926, 3.4441211]","[2.4893782138824463, 2.602579355239868, 1.644378423690796, 0.21844501793384552, 2.450378179550171, 2.2293126583099365, 1.7443280220031738, 2.2323429584503174, 4.303035736083984, 3.455711841583252]"
106,"[-0.65184987, 1.9585295, 0.0037750006, -4.7215304, -0.89557177, 1.8820044, -0.385925, 0.06955308, 0.18283749, 0.3059677, -0.32243353, 0.3084037, 0.088290155, 0.061767414, 0.038422704, 0.0028425455, 0.14124824, 0.021176338, -0.03217587, 0.026604846, 0.03957971]","[2.7030864, 3.371886, 4.2748528, 3.0704143, 4.0039783, 2.7563813, 0.13774045, 4.4308066, 4.554363, 0.65961814]","[2.6808531284332275, 3.3947865962982178, 4.283788204193115, 3.0667617321014404, 3.9880425930023193, 2.7864887714385986, 0.15196605026721954, 4.34364652633667, 4.559572219848633, 0.679993748664856]"
107,"[0.74660563, -1.8368998, -3.938228, 5.427015, 1.3688562, -0.04322815, 0.26275912, 0.28001398, -0.30203626, -0.086407885, -0.009317797, -0.0739375, -0.09922704, 0.09333274, -0.107067525, -0.060699016, -0.09042211, 0.028958395, 0.05444891, 0.04387729, 0.016399413]","[3.0426836, 2.3751795, 1.2960672, 2.1101167, 1.0779687, 0.70461774, 4.2328477, 2.2461941, 1.4867889, 2.7840044]","[3.030306577682495, 2.3735551834106445, 1.3010202646255493, 2.1028711795806885, 1.0785431861877441, 0.7029565572738647, 4.2211103439331055, 2.2697784900665283, 1.4848872423171997, 2.787752151489258]"
108,"[0.22106433, -2.3684397, -0.9272342, -1.4545944, 0.5297439, 3.4773529, 0.76735187, -0.40417236, 0.011818111, 0.30923882, 0.24005327, -0.0848349, -0.23401779, -0.32256836, -0.10290254, -0.06833985, 0.14952257, 0.027310934, -0.22463837, 0.017206833, -0.0666468]","[4.605601, 3.8812318, 3.1578538, 4.4014096, 1.4889027, 2.2173011, 1.6722095, 0.44153816, 0.6124447, 4.243512]","[4.590322971343994, 3.9398653507232666, 3.1655471324920654, 4.400479316711426, 1.4812966585159302, 2.239339828491211, 1.6832548379898071, 0.4217901825904846, 0.608057975769043, 4.254798889160156]"
109,"[0.04657626, 1.8320723, 0.2846365, -1.2687185, -5.9105124, -5.846941, -0.25251395, -0.2677861, 0.0025921762, 0.048208833, 0.2979558, -0.13817483, 0.17218833, -0.12161392, -0.103232585, -0.33246857, 0.34794217, -0.005660236, -0.08858977, -0.18585655, 0.11362035]","[0.61761886, 0.16840963, 2.5709252, 0.6849182, 3.5310996, 4.8458967, 3.0473971, 3.1474981, 3.4487226, 1.6300467]","[0.5924935340881348, 0.20400328934192657, 2.4326260089874268, 0.9685377478599548, 3.6924121379852295, 4.566414833068848, 3.0628421306610107, 3.1314985752105713, 3.4605839252471924, 1.6723309755325317]"
110,"[0.5077994, -3.182262, -0.9276931, -2.5732894, 4.8828287, -4.429603, 0.5262543, -0.23294911, -0.10633528, 0.33063203, 0.08795197, 0.08334118, -0.07585627, -0.14947289, -0.18514746, 0.49907947, -0.068128645, -0.074474126, -0.0221363, -0.1144168, 0.033911854]","[1.0769621, 4.64164, 0.66475254, 0.34999317, 3.3136506, 3.2059772, 2.197187, 0.5823169, 0.76214045, 3.112736]","[1.1158628463745117, 4.565693378448486, 0.683652937412262, 0.3280428946018219, 3.2711381912231445, 3.251976728439331, 2.1980559825897217, 0.5814757347106934, 0.7492270469665527, 3.143911123275757]"
111,"[-0.23123503, 0.6995735, 1.9442685, 3.3248649, -1.3669121, 2.0193589, -0.50664544, 0.36946446, 0.064334184, -0.22714192, -0.1391541, -0.019426763, -0.20409569, -0.40860122, 0.055701524, 0.1670993, 0.090480275, 0.076441035, 0.1135693, -0.025822796, 0.0597461]","[3.9837062, 1.2392689, 4.9688, 3.802057, 2.1500988, 1.2088352, 3.7356403, 3.6649437, 2.815283, 0.106]","[3.9429025650024414, 1.2701643705368042, 4.830192565917969, 4.001265525817871, 2.1563806533813477, 1.1966395378112793, 3.7381982803344727, 3.7217226028442383, 2.7984416484832764, 0.12115485221147537]"
112,"[0.23780441, 0.073524475, -5.2297792, 1.9776399, 1.4591558, 1.2370042, -0.2444042, -0.13343179, 0.1780689, 0.118086785, -0.14958991, -0.06658913, 0.009266779, 0.13697892, 0.13310516, -0.15540521, 0.054469228, -0.038828284, -0.03946075, 0.03667721, -0.038073562]","[3.1636264, 3.0741062, 1.9456106, 1.8603004, 0.6558623, 1.4331315, 1.0704218, 3.9698963, 4.091887, 2.1346252]","[3.1865832805633545, 3.0596773624420166, 1.9615145921707153, 1.8443312644958496, 0.6553151607513428, 1.4328711032867432, 1.0400331020355225, 4.099843978881836, 4.102301597595215, 2.1385657787323]"
113,"[-1.1724348, 4.846593, 3.0808182, -0.18131971, -1.1019039, -0.07500911, 0.23109955, 0.07180369, 0.05709225, -0.20532608, 0.0923493, 0.09020305, 0.09824198, 0.2175802, -0.09507984, 0.14857809, 0.027165111, -0.07045268, 0.05957684, -0.0036335438, 0.037471674]","[1.9840559, 1.9348688, 3.6502888, 2.9512486, 4.57915, 4.008108, 4.6094093, 1.8873911, 2.5703235, 4.0267725]","[1.9838389158248901, 1.9386563301086426, 3.656358480453491, 2.942838668823242, 4.575573444366455, 4.016756534576416, 4.606203079223633, 1.89644193649292, 2.567383289337158, 4.039041519165039]"
114,"[0.47809827, -3.6360922, 0.6933484, 0.25531995, 0.16456425, 0.5739136, 0.2920226, -0.62640584, 0.18690586, 0.16683385, -0.059966907, -0.174884, -0.05020674, -0.023571461, -0.043491952, 0.026244909, -0.15712638, -0.051154006, -0.036301095, 0.06232963, 0.003162235]","[1.4831342, 4.5165114, 1.6702666, 3.805961, 0.95609325, 4.4411416, 2.3433256, 0.97427696, 1.099824, 1.7592977]","[1.4685418605804443, 4.558285236358643, 1.6601529121398926, 3.8297736644744873, 0.9532014727592468, 4.472893714904785, 2.3514673709869385, 0.9672799706459045, 1.0987101793289185, 1.7610161304473877]"
115,"[-1.1795, 5.2116823, 1.8225937, 0.10323858, 0.3910095, -0.29843998, 0.23263958, 0.368838, 0.036362074, -0.27606755, 0.08390181, 0.030721068, 0.072104126, 0.22506958, 0.036753036, -0.03353727, 0.08229861, 0.08325353, -0.00040650927, -0.067124404, 0.011810239]","[3.6663876, 0.5737676, 3.29794, 0.23835628, 4.096597, 2.5243838, 3.3542798, 3.8011446, 3.158318, 4.777765]","[3.6669743061065674, 0.5809143781661987, 3.2619102001190186, 0.3067718744277954, 4.10862398147583, 2.509427785873413, 3.3645107746124268, 3.7872719764709473, 3.1677732467651367, 4.761571407318115]"
116,"[-0.33172536, 1.681243, -2.874158, 0.08010803, 3.644192, -0.65490246, -0.08608106, 0.35226345, -0.29897702, 0.22836703, -0.049542516, 0.14445606, -0.11677254, -0.11503583, 0.21014932, -0.27870363, 0.04652442, 0.012787789, -0.015872277, 0.22519222, 0.01026801]","[4.264911, 3.3267367, 0.403635, 3.0494287, 3.2452323, 0.119, 1.6018261, 3.484539, 3.8995192, 2.97672]","[4.275352954864502, 3.3172106742858887, 0.41673633456230164, 3.008751630783081, 3.2011070251464844, 0.1594582051038742, 1.597907543182373, 3.5110666751861572, 3.9025967121124268, 2.992004871368408]"
117,"[-0.14975595, 0.58743477, 1.4609512, 1.5305896, -2.5925593, -0.6508, -0.21491411, -0.11855209, 0.042253345, -0.039150953, -0.15014693, -0.3043102, -0.050297007, 0.108968735, -0.0134931505, 0.21438338, -0.039477848, -0.02682659, 0.027597833, 0.019248396, -0.0025950894]","[0.9702784, 2.234537, 4.2956014, 1.6985608, 1.8388247, 2.8859246, 4.49945, 1.3879868, 2.218408, 1.2827599]","[0.9688636660575867, 2.240103244781494, 4.289842128753662, 1.7092342376708984, 1.8430566787719727, 2.8846490383148193, 4.501223087310791, 1.3877131938934326, 2.220926523208618, 1.2843906879425049]"
118,"[-0.38912988, 2.716279, -1.9791322, -3.1593506, -3.3310118, -1.7514844, -0.20275012, -0.22778207, -0.0057412386, 0.2332015, -0.16136539, 0.2783528, 0.08868055, 0.21769476, 0.21213384, -0.08851093, 0.043595046, -0.161758, -0.09021965, -0.02523546, 0.015685543]","[0.111, 2.1379313, 2.6298819, 2.3488019, 2.673655, 3.9830325, 0.56040263, 4.8773394, 4.948853, 4.183783]","[0.12381495535373688, 2.1078336238861084, 2.6384105682373047, 2.3604612350463867, 2.6872031688690186, 4.0035881996154785, 0.6001338958740234, 4.689130783081055, 4.876213073730469, 4.293245315551758]"
119,"[-0.6405797, 1.8815541, 2.3736498, 1.7661164, 0.8125038, 0.9851291, 0.21563357, 0.11577743, -0.12329185, -0.14418583, 0.080125466, -0.08307311, -0.15086325, -0.08878471, -0.06876705, -0.06003368, 0.037446856, 0.075911, 0.113714114, 0.013730034, 0.030924745]","[4.9480906, 1.4702842, 2.269493, 3.5293906, 2.8451893, 1.6957023, 4.063818, 2.3249643, 1.8455279, 2.413779]","[4.891734600067139, 1.5687587261199951, 2.3236446380615234, 3.4032034873962402, 2.828073740005493, 1.7213810682296753, 4.0919389724731445, 2.265928268432617, 1.81892728805542, 2.446413516998291]"
120,"[2.544599, -12.6394205, 7.9863415, -1.7500932, 1.2101638, 2.7622838, -0.074339986, 0.52411485, -0.4110596, 0.6699542, 1.0800376, 0.3115571, 0.042214155, 0.3782189, 0.5530139, 0.0004093051, -0.11845032, 0.029566541, -0.14259285, -0.18307412, 0.07074767]","[3.0955877, 4.0616894, 3.554145, 1.5603515, 4.643238, 1.3905513, 1.821141, 0.1282, 0.23361893, 0.5457014]","[3.281113386154175, 3.8922085762023926, 3.6509768962860107, 1.5570838451385498, 4.559884071350098, 1.4663655757904053, 1.7566155195236206, 0.2604871392250061, 0.2300661951303482, 0.5539072751998901]"
