model,run,rmse,cover95,post_sd,phi1,phi2,phi3,phi4,phi5,phi6,phi7,phi8,phi9,phi10
DNN_21_mcmc_result,1,0.08362852929528353,0.9,0.053993187806148056,3.67,4.8642,1.433,4.7406,2.8699,0.6171,3.0394,3.4495,4.781,1.8129
DNN_21_mcmc_result,2,0.03493116898752011,0.7,0.025755132417614023,1.4675,1.2111,3.3854,1.3114,1.9773,2.5577,1.3611,0.7503,1.8711,4.7991
DNN_21_mcmc_result,3,0.03520514759543335,0.9,0.05008429895560412,1.8697,3.7501,1.6893,2.1444,3.3526,3.5584,3.8346,1.3861,0.4436,2.1734
DNN_21_mcmc_result,4,0.06231207191327941,1.0,0.06952091176103858,3.1913,2.4799,3.7183,3.3148,1.8476,1.0148,0.625,4.0088,3.6597,3.788
DNN_21_mcmc_result,5,0.23432093347194208,1.0,0.1992204978317596,4.0561,4.0708,0.5492,0.7665,0.9416,1.7399,2.8014,3.732,4.5399,3.3185
DNN_21_mcmc_result,6,0.12151912486425083,0.7,0.11237338475409409,1.0829,0.3601,4.8751,4.6922,4.2604,4.058,1.7331,1.0719,1.6312,0.1929
DNN_21_mcmc_result,7,0.06871956195822325,0.8,0.06392107732840309,0.6069,4.5384,3.0989,4.3311,4.8285,3.0414,3.2787,2.7345,4.3323,4.6173
DNN_21_mcmc_result,8,0.08477299296188062,1.0,0.10677929704032929,2.7156,2.9736,4.251,2.9534,2.3416,2.4099,4.5441,2.3839,0.9249,0.8744
DNN_21_mcmc_result,9,0.07900265223837885,0.9,0.0708155625942077,2.3457,1.7226,1.1501,1.7874,2.6983,4.46,1.0258,4.8532,2.6087,2.6368
DNN_21_mcmc_result,10,0.09907992547707116,0.9,0.07052196544416404,2.4155,3.1505,3.6177,4.884,1.1526,0.3173,2.0058,2.4633,3.5417,1.2776
DNN_21_mcmc_result,11,0.027694853133662895,0.9,0.06523988971471698,2.6466,1.8941,1.8186,1.1105,3.8585,2.8609,3.6961,4.7788,0.6316,2.8845
DNN_21_mcmc_result,12,0.11577327364943116,0.8,0.09003722775749143,4.5815,4.6674,4.765,3.5057,3.5627,4.5855,0.9744,2.6557,1.4358,4.8841
DNN_21_mcmc_result,13,0.05286842901343456,0.9,0.04823870111942105,0.5563,0.9514,0.6689,2.4893,1.4455,2.2674,4.8061,0.3011,4.6509,1.728
DNN_21_mcmc_result,14,0.03809378641774666,1.0,0.07731254776855334,1.3048,3.8909,2.4051,1.5967,2.0926,0.834,0.2266,3.5051,2.5333,3.7335
DNN_21_mcmc_result,15,0.14150311333765347,0.5,0.033495985492421866,3.8328,0.194,2.9792,2.6081,3.0615,3.7222,4.367,1.3037,4.2183,0.4285
DNN_21_mcmc_result,16,0.07309578909215275,1.0,0.08356313968483509,3.3953,3.6181,1.2506,0.2182,4.5798,3.9158,1.4903,1.6136,2.725,2.4281
DNN_21_mcmc_result,17,0.05567532337239365,0.9,0.05030596948925041,1.6671,2.3425,4.1217,3.9872,0.5725,1.8657,2.872,3.7764,0.7351,4.1839
DNN_21_mcmc_result,18,0.06475383399868398,1.0,0.06606864143978386,1.5328,4.7241,0.9172,3.1351,4.1451,2.1092,0.4479,3.2172,2.1739,1.5653
DNN_21_mcmc_result,19,0.058676305653670775,1.0,0.10071537228848537,3.6063,1.0848,3.8647,1.7014,0.75,4.7622,3.9734,0.9778,3.8576,4.396
DNN_21_mcmc_result,20,0.05065665500295234,1.0,0.06796176367850627,4.2345,2.5565,2.2199,4.2068,1.6554,2.7407,1.8623,1.8641,3.0546,2.7218
DNN_21_mcmc_result,21,0.08470955773870185,0.8,0.08036295779213565,0.8265,1.3767,2.5644,0.6303,3.2367,0.4554,2.634,4.1421,1.0634,0.7895
DNN_21_mcmc_result,22,0.04700033075054144,1.0,0.04654854760152912,0.3454,3.3303,4.4847,0.891,2.8121,1.439,2.3803,2.0961,3.1763,4.0212
DNN_21_mcmc_result,23,0.13052210769174058,1.0,0.14342930936411485,4.7159,2.1313,0.3121,4.4718,2.5322,4.36,3.4557,4.5274,0.2673,1.94
DNN_21_mcmc_result,24,0.04200839002249078,0.9,0.09228750239001231,3.1249,4.2538,3.1891,1.9624,0.3996,3.2575,1.1933,2.9849,1.7594,0.2658
DNN_21_mcmc_result,25,0.12088465664492597,0.6,0.06610736592269127,2.0138,0.6336,1.6197,3.401,4.9429,1.3168,4.4149,0.5928,4.9757,3.2454
DNN_21_mcmc_result,26,0.06289646293043508,1.0,0.1447147546067628,2.0862,3.2529,0.426,4.0401,2.0183,0.5535,0.9406,0.9292,0.6691,0.5139
DNN_21_mcmc_result,27,0.11462981641905987,0.6,0.047107961031826115,3.0514,2.0592,4.9815,0.117,2.9827,2.7956,4.7628,3.2455,3.5781,3.6485
DNN_21_mcmc_result,28,0.10395791195982382,0.7,0.05411075845603902,4.7918,4.186,1.7359,2.6606,4.5059,4.822,2.0491,4.1892,4.6119,4.118
DNN_21_mcmc_result,29,0.143748900375651,0.8,0.1097250741984693,0.2707,0.5519,3.6884,1.4971,0.4933,2.2024,3.7299,1.8349,1.3956,2.4944
DNN_21_mcmc_result,30,0.09388804738857859,0.5,0.03285255085894676,0.747,4.9601,4.3622,2.4372,1.2267,1.2235,1.6103,4.421,4.1066,2.9673
DNN_21_mcmc_result,31,0.06291664735359488,1.0,0.05848534171640356,4.3152,1.3069,1.0316,3.6052,3.9376,3.1977,2.9824,2.2204,2.4228,1.1946
DNN_21_mcmc_result,32,0.09479092146605222,0.9,0.1406554820660777,3.5279,2.7829,3.0642,1.0575,3.6371,4.305,0.1162,0.6971,0.853,1.6642
DNN_21_mcmc_result,33,0.036090776512949105,0.9,0.04393690020045499,1.6099,1.6084,2.3368,4.9856,1.5242,1.3409,4.247,2.8603,2.8442,4.9477
DNN_21_mcmc_result,34,0.0354886358414523,0.8,0.02835537759203684,1.7442,3.9749,2.7882,3.3677,2.5801,2.3224,1.8292,4.751,3.8165,2.0254
DNN_21_mcmc_result,35,0.09120536413120471,0.8,0.04815410468669851,3.317,0.2643,1.9842,2.0814,2.3049,4.6836,2.5912,2.5112,2.1315,3.9362
DNN_21_mcmc_result,36,0.11971300927296101,0.8,0.20450779103564337,3.9135,3.6926,3.9283,4.4383,0.1673,2.9542,0.4906,0.3309,1.0989,3.1795
DNN_21_mcmc_result,37,0.04483256850670937,1.0,0.041149459536061486,1.2253,2.4224,0.8274,1.0114,4.7158,0.3771,4.0066,2.6081,3.0888,0.3321
DNN_21_mcmc_result,38,0.12674613791397718,1.0,0.10425477386956113,0.4816,2.9163,1.3983,0.6643,4.3772,1.8058,1.3127,1.18,0.3826,4.4788
DNN_21_mcmc_result,39,0.08306689833953211,0.7,0.05595332911895775,4.6574,1.6653,3.4273,4.0862,0.9773,3.8225,4.5247,3.6107,3.2927,1.4824
DNN_21_mcmc_result,40,0.07710714835688534,1.0,0.07892973574190114,2.5731,4.4428,0.2463,1.7345,1.8873,3.624,2.2704,3.9016,4.8613,0.7257
DNN_21_mcmc_result,41,0.07428770506093602,1.0,0.0542042180994043,2.4879,0.7131,4.5722,3.0165,3.4642,0.779,3.3363,1.5088,1.6462,2.7854
DNN_21_mcmc_result,42,0.13144807778082432,1.0,0.10127192244232,2.2708,4.6098,2.1039,1.2011,0.684,4.003,4.9016,3.9802,1.9392,1.1195
DNN_21_mcmc_result,43,0.0830173839890251,1.0,0.07699026845274692,2.7916,0.8939,2.678,4.7844,4.6197,1.6418,0.7636,1.435,3.9305,3.0429
DNN_21_mcmc_result,44,0.03414884079050776,1.0,0.059932628955291445,4.4582,3.0546,0.9567,2.2743,3.0971,0.9215,3.5624,1.1008,2.9726,4.7171
DNN_21_mcmc_result,45,0.09745384511251037,0.9,0.07124615014162375,0.6794,1.7983,3.8277,3.7106,2.2096,3.4986,2.1783,3.6852,1.2887,1.8953
DNN_21_mcmc_result,46,0.04587842883347144,0.9,0.07782572799406937,1.1601,3.5225,3.298,2.8231,1.3326,4.5199,3.1595,0.1031,3.4107,3.5657
DNN_21_mcmc_result,47,0.1160676698177764,1.0,0.18643531241267058,3.9777,2.247,1.4989,1.3919,3.5218,2.5032,1.4715,2.8405,0.1946,0.5962
DNN_21_mcmc_result,48,0.2111952174840413,0.4,0.06394555266834527,3.2721,3.8336,4.4525,3.8966,3.8217,0.2514,4.1177,4.9782,1.8416,2.2704
DNN_21_mcmc_result,49,0.21630365810280763,0.9,0.1754355096515347,1.7901,0.1368,0.3564,0.3177,1.0345,3.0964,0.2836,2.2794,4.7503,4.3415
DNN_21_mcmc_result,50,0.041926752301862706,1.0,0.057580974918744254,1.3879,2.652,4.8044,1.9164,4.9074,3.3207,2.7683,0.4652,3.7654,1.4072
DNN_21_mcmc_result,51,0.07617818432283358,1.0,0.13830150074989483,3.7508,1.4722,0.6318,2.9302,0.2826,1.0786,1.6904,3.0874,0.5505,4.5544
DNN_21_mcmc_result,52,0.08037394235574831,0.8,0.04407372215909216,4.1113,4.7814,3.5017,0.5396,2.4208,1.5025,3.8773,4.6535,1.5072,2.5548
DNN_21_mcmc_result,53,0.05646908987744761,0.9,0.09304845888049162,0.9499,1.142,1.9322,4.3064,2.7722,4.1221,0.6581,1.9927,4.4172,0.9568
DNN_21_mcmc_result,54,0.06706680038646336,0.8,0.06775655027255569,0.2006,4.3114,1.2183,4.5625,3.2736,2.6511,4.6635,4.2636,2.3095,3.8534
DNN_21_mcmc_result,55,0.051892487125633026,1.0,0.07046920097725703,4.8604,0.6911,4.1659,0.7914,1.7735,0.6769,1.1357,1.7558,4.2995,2.1077
DNN_21_mcmc_result,56,0.08049974747724713,0.8,0.10814259507561257,3.0018,3.4262,2.5139,3.186,0.8629,2.0193,3.1688,0.8554,2.6537,0.1081
DNN_21_mcmc_result,57,0.046724121573297764,0.6,0.030324401861854422,2.1372,2.2272,2.8584,2.1673,4.1859,4.9833,2.3996,3.324,0.9687,3.403
DNN_21_mcmc_result,58,0.05596046207733846,0.9,0.05319509039933359,2.1122,2.8471,2.2624,2.8806,2.9455,3.0668,1.5348,3.6271,1.3345,0.4062
DNN_21_mcmc_result,59,0.07066734038784599,0.9,0.11454572644386385,2.9488,1.5811,3.1428,1.8705,2.0531,0.1075,2.9046,1.1576,4.5495,3.2202
DNN_21_mcmc_result,60,0.17642664949404155,0.8,0.17560805336857008,4.9231,4.9669,1.1056,4.2604,0.5354,2.4353,0.1916,1.4536,3.5927,3.996
DNN_21_mcmc_result,61,0.27931976759068267,1.0,0.19814062656095208,0.216,1.2605,4.2829,0.4901,4.4662,4.4143,4.3248,3.9605,0.6829,2.0804
DNN_21_mcmc_result,62,0.04094378759043265,1.0,0.10158376654763017,1.0027,4.2122,3.7628,0.8375,3.9722,3.5838,1.0184,2.2979,2.7906,2.85
DNN_21_mcmc_result,63,0.21890755196096298,0.9,0.13412463362286825,4.1361,0.4867,1.6574,4.6122,1.1897,0.9691,4.8381,4.9584,0.8004,0.7759
DNN_21_mcmc_result,64,0.06870479707028668,0.8,0.02592750106258705,3.7358,3.2983,4.9076,2.217,1.4849,1.7653,1.9714,2.7825,2.4463,1.5517
DNN_21_mcmc_result,65,0.1066184894462159,0.6,0.10137235735288068,1.3255,2.0514,0.5054,3.2321,3.6787,4.0123,3.6546,0.16,4.1313,4.5242
DNN_21_mcmc_result,66,0.06963297411610918,0.8,0.0463838542414575,1.842,4.4124,4.6459,4.8114,2.2631,4.8599,1.2349,1.9741,3.1608,2.5302
DNN_21_mcmc_result,67,0.06583960167705702,1.0,0.12242205957978344,3.2958,0.7826,0.1671,1.2317,2.6195,2.01,4.4493,4.6732,1.1695,4.1204
DNN_21_mcmc_result,68,0.020477666958021647,1.0,0.03401631087801568,3.9634,2.8667,3.3527,3.7411,4.7527,0.5917,2.3482,3.1455,2.1275,3.67
DNN_21_mcmc_result,69,0.08860778245897005,1.0,0.11151366927704535,1.0987,1.6774,1.477,2.3013,0.1329,2.6035,3.4118,0.4084,3.8113,0.5306
DNN_21_mcmc_result,70,0.10280755734978893,0.7,0.062145643263708826,0.656,3.6241,0.7536,1.3614,1.0169,4.19,1.9045,3.382,1.6892,4.974
DNN_21_mcmc_result,71,0.06269788633120481,0.8,0.05152894701814069,4.4065,2.4539,4.0074,2.7963,4.3353,1.6081,2.6689,0.7986,4.9054,1.6761
DNN_21_mcmc_result,72,0.04546470535590101,1.0,0.059354520891215144,2.8527,3.9639,2.0587,0.2909,3.4293,1.1082,0.4153,1.7373,3.2584,1.2257
DNN_21_mcmc_result,73,0.07226655773987507,0.9,0.12572832422236785,2.2848,0.3149,2.7094,3.8662,1.9246,3.4646,3.9288,4.2833,0.3497,2.9744
DNN_21_mcmc_result,74,0.06453894370130878,1.0,0.06508528857635532,2.5415,3.787,0.2771,2.0352,4.6569,1.4656,3.0816,1.8164,1.2836,1.0022
DNN_21_mcmc_result,75,0.10772589642261404,0.8,0.087109772622162,2.5975,0.1434,4.5264,3.318,0.6492,4.3155,1.396,4.2089,2.9684,2.6241
DNN_21_mcmc_result,76,0.032767017982928144,1.0,0.07253798832948315,4.6427,3.4951,1.5774,0.9617,2.1675,3.2841,4.1956,3.3035,4.0011,4.6046
DNN_21_mcmc_result,77,0.07572393101809846,1.0,0.09977424944232183,0.4183,2.3111,3.2236,4.3922,3.1368,1.2723,0.3591,0.8724,2.0112,1.4718
DNN_21_mcmc_result,78,0.11967091500193497,0.7,0.05602479086437591,1.2011,3.0466,3.907,4.1358,3.4872,2.1358,4.9769,2.9183,4.7173,3.458
DNN_21_mcmc_result,79,0.1263181765800791,1.0,0.16188497212572994,3.8602,1.8435,0.8827,0.7103,1.3696,4.7176,0.8413,0.6402,1.8073,0.1679
DNN_21_mcmc_result,80,0.15546132683104696,0.8,0.07308639487709992,3.38,4.5444,2.5994,3.0625,1.0738,2.7673,3.4871,2.2019,0.2386,2.1483
DNN_21_mcmc_result,81,0.06295047293200393,1.0,0.08340869141581943,1.7587,0.92,2.1783,1.7841,3.7801,0.4108,2.1006,4.4408,3.4538,3.9275
DNN_21_mcmc_result,82,0.12035234723392327,0.9,0.22667083977848962,1.5868,3.4384,2.9371,0.1474,0.3244,0.8074,4.588,2.5501,4.4308,1.9025
DNN_21_mcmc_result,83,0.07059429053745479,0.8,0.10294638548177064,3.4754,2.1777,2.4394,4.067,4.868,3.7667,1.0578,0.3877,1.522,4.7481
DNN_21_mcmc_result,84,0.07589903087916362,1.0,0.10762156635533397,4.3772,4.3811,4.0868,1.5239,2.7354,3.8892,3.2443,2.5298,0.4881,3.0548
DNN_21_mcmc_result,85,0.06187353548483196,0.8,0.04639593181823125,0.7606,0.6609,1.2922,2.6911,2.4553,1.9103,2.4775,4.7313,3.7044,1.1458
DNN_21_mcmc_result,86,0.08728281305105101,0.9,0.08180772746131884,0.3229,4.8322,1.8535,3.5782,1.734,0.2907,2.846,1.5274,0.9935,4.3582
DNN_21_mcmc_result,87,0.13156499043569497,0.8,0.0707090685213665,4.8146,1.1312,3.5763,2.4067,3.3155,2.9055,1.7657,3.8819,2.6771,2.2919
DNN_21_mcmc_result,88,0.05719632962119591,0.8,0.06551028941268894,3.038,2.6837,0.7111,4.955,4.2208,4.5589,3.7996,3.5527,4.247,0.5986
DNN_21_mcmc_result,89,0.05082240653446553,1.0,0.07266663734795895,2.0245,1.4039,4.7307,1.0305,0.8256,2.3119,0.5828,1.2368,2.2558,3.6015
DNN_21_mcmc_result,90,0.06643668425909169,1.0,0.06260670414237157,1.9509,4.9096,3.4593,1.6542,3.7144,1.8552,4.1527,0.2825,2.9261,0.2384
DNN_21_mcmc_result,91,0.045769184131345925,1.0,0.07912239399669506,3.1103,1.2033,1.3538,3.0867,1.6018,3.7911,0.3258,2.6755,1.2425,3.3879
DNN_21_mcmc_result,92,0.08928843395761951,0.6,0.041619570590486155,4.7399,2.7515,4.616,0.5819,1.3014,3.6734,3.1149,4.8367,2.0454,3.8383
DNN_21_mcmc_result,93,0.06576605567891705,0.9,0.07367532760840623,0.3989,1.4856,0.2138,4.1596,4.0119,0.7476,1.4389,2.4064,4.0366,2.238
DNN_21_mcmc_result,94,0.047711184489801044,0.9,0.04015367536484798,0.8413,3.2024,1.9403,4.5204,4.4295,2.3718,3.5968,3.8345,1.9238,2.6919
DNN_21_mcmc_result,95,0.07420914356433948,1.0,0.0790616334810673,4.2977,1.9556,2.8207,0.9383,0.4172,4.6522,2.2199,1.5568,4.8326,0.9342
DNN_21_mcmc_result,96,0.07144374623918413,1.0,0.05767660270005054,3.5525,4.1546,0.7955,3.4484,1.9405,3.0036,4.8576,1.2851,3.3406,1.3846
DNN_21_mcmc_result,97,0.27862860479381024,0.7,0.13330747692348818,1.5085,0.4291,3.9727,2.0109,2.9044,0.3457,0.7316,3.5248,0.1242,4.6915
DNN_21_mcmc_result,98,0.06117610960786667,1.0,0.07873246845214689,1.6804,2.9626,1.0757,1.1399,1.813,1.1741,3.2008,4.0841,1.5583,2.3624
DNN_21_mcmc_result,99,0.09654467401043677,0.7,0.04684618423229536,3.4572,1.7732,4.3295,4.9122,3.3896,3.2291,2.4435,1.921,4.4683,4.2881
DNN_21_mcmc_result,100,0.05096656738567658,1.0,0.057730060883648834,3.7807,4.4699,2.3689,2.5175,4.2996,4.2556,4.622,0.9963,3.6642,3.5123
DNN_21_mcmc_result,101,0.12337185125687704,1.0,0.21524719892164704,1.2818,0.8401,3.0196,3.5351,0.9,1.3723,1.1013,3.1974,0.449,0.6882
DNN_21_mcmc_result,102,0.12360956484589462,0.9,0.10994571942665517,0.4942,4.0212,4.9495,2.58,0.2455,0.5042,3.9099,0.6114,2.5666,4.8159
DNN_21_mcmc_result,103,0.05671838431622456,1.0,0.06527368817697483,4.568,0.3722,0.4706,1.5675,4.7938,2.827,0.7027,2.9652,0.8818,1.8344
DNN_21_mcmc_result,104,0.036593441712240646,1.0,0.07024585161215827,2.6699,3.7197,3.6443,3.958,2.6562,4.7727,2.7261,4.4693,2.375,1.0587
DNN_21_mcmc_result,105,0.07162813615452558,0.8,0.04718301393857046,2.468,2.5494,1.7686,0.1901,2.3813,2.2338,1.6554,2.1529,4.365,3.1417
DNN_21_mcmc_result,106,0.15003001013508455,0.8,0.10641176911521275,2.3608,3.5527,4.2004,3.2663,3.8981,2.7016,0.1488,4.5481,4.6564,0.8638
DNN_21_mcmc_result,107,0.06596620890862283,0.9,0.06636945464315042,2.7779,2.3686,1.1761,2.0971,1.1107,0.6466,4.2915,2.079,1.4402,2.7626
DNN_21_mcmc_result,108,0.10234036344351996,1.0,0.09797992800960258,4.4789,3.8829,2.9,4.6449,1.4106,2.0698,1.5681,0.532,0.5601,4.4559
DNN_21_mcmc_result,109,0.22457825274011053,0.9,0.150046818864189,0.5823,0.2392,2.4789,0.718,3.6,4.9531,2.9474,3.0397,3.4688,1.6204
DNN_21_mcmc_result,110,0.07419873055035026,0.9,0.06585562453489917,1.0204,4.64,0.5902,0.4576,3.0197,3.3713,2.0811,0.7689,0.7677,3.3101
DNN_21_mcmc_result,111,0.11194365044290881,1.0,0.07297642453877921,4.0406,1.0155,4.8395,4.3795,2.132,1.0484,3.7739,3.4298,2.759,0.316
DNN_21_mcmc_result,112,0.0748470418631644,0.8,0.0518231399168431,3.2162,3.104,1.8978,1.8358,0.6094,1.5531,0.899,4.311,4.1751,2.0094
DNN_21_mcmc_result,113,0.10037066298829543,0.8,0.05253881969081655,1.9228,1.9008,3.5439,3.0006,4.5454,4.0919,4.7284,1.6892,2.4913,4.0667
DNN_21_mcmc_result,114,0.027476982947840487,1.0,0.07510521915351938,1.4062,4.2855,1.5404,3.8142,0.7847,4.4693,2.3048,1.0534,1.0494,1.764
DNN_21_mcmc_result,115,0.016365604500558576,1.0,0.03969080256029915,3.6562,0.5653,3.2631,0.3912,4.1081,2.5334,3.3779,3.7517,3.0396,4.8866
DNN_21_mcmc_result,116,0.0549653709957263,0.8,0.060712014474166666,4.2133,3.3811,0.3908,2.7428,3.1975,0.2008,1.2687,4.0668,3.9209,2.9061
DNN_21_mcmc_result,117,0.03213420576289892,1.0,0.05254801484432797,0.9243,2.1205,4.4104,1.462,1.6971,3.1266,4.4927,1.3293,2.2359,1.2944
DNN_21_mcmc_result,118,0.09935304284773049,0.8,0.10019764325422446,0.1423,2.6261,2.6438,2.3549,2.4951,3.9524,0.5256,4.9113,4.9513,4.2103
DNN_21_mcmc_result,119,0.0391112919505762,0.7,0.036782133791481535,4.9955,1.3464,2.146,3.6401,2.8469,1.6721,4.0487,2.3271,1.7363,2.4401
DNN_21_mcmc_result,120,0.215627716929588,0.8,0.21359730086346823,2.874,4.7363,3.7862,1.2832,4.985,0.8709,1.7846,0.2086,0.319,0.4596
L.DKMGP_21_mcmc_result,1,1.3321508917713583,1.0,1.2684490070631225,3.67,4.8642,1.433,4.7406,2.8699,0.6171,3.0394,3.4495,4.781,1.8129
L.DKMGP_21_mcmc_result,2,1.1280323029401071,1.0,1.3018863655069621,1.4675,1.2111,3.3854,1.3114,1.9773,2.5577,1.3611,0.7503,1.8711,4.7991
L.DKMGP_21_mcmc_result,3,0.8181783448488249,1.0,1.245667300022103,1.8697,3.7501,1.6893,2.1444,3.3526,3.5584,3.8346,1.3861,0.4436,2.1734
L.DKMGP_21_mcmc_result,4,0.979612949012657,1.0,1.3098267544167874,3.1913,2.4799,3.7183,3.3148,1.8476,1.0148,0.625,4.0088,3.6597,3.788
L.DKMGP_21_mcmc_result,5,0.8864401122755761,1.0,1.225487162607162,4.0561,4.0708,0.5492,0.7665,0.9416,1.7399,2.8014,3.732,4.5399,3.3185
L.DKMGP_21_mcmc_result,6,1.1742531283605613,1.0,1.179397064301515,1.0829,0.3601,4.8751,4.6922,4.2604,4.058,1.7331,1.0719,1.6312,0.1929
L.DKMGP_21_mcmc_result,7,1.2167949040258288,1.0,1.2324271568619858,0.6069,4.5384,3.0989,4.3311,4.8285,3.0414,3.2787,2.7345,4.3323,4.6173
L.DKMGP_21_mcmc_result,8,0.6693225610604494,1.0,1.2177967138707368,2.7156,2.9736,4.251,2.9534,2.3416,2.4099,4.5441,2.3839,0.9249,0.8744
L.DKMGP_21_mcmc_result,9,1.1396032843628003,1.0,1.310098018754144,2.3457,1.7226,1.1501,1.7874,2.6983,4.46,1.0258,4.8532,2.6087,2.6368
L.DKMGP_21_mcmc_result,10,1.0307703695657477,1.0,1.2338065496408195,2.4155,3.1505,3.6177,4.884,1.1526,0.3173,2.0058,2.4633,3.5417,1.2776
L.DKMGP_21_mcmc_result,11,0.9819892998020407,1.0,1.2696372134731124,2.6466,1.8941,1.8186,1.1105,3.8585,2.8609,3.6961,4.7788,0.6316,2.8845
L.DKMGP_21_mcmc_result,12,1.3682751397769768,0.9,1.2546848808574211,4.5815,4.6674,4.765,3.5057,3.5627,4.5855,0.9744,2.6557,1.4358,4.8841
L.DKMGP_21_mcmc_result,13,1.369840615154683,1.0,1.2992936162957869,0.5563,0.9514,0.6689,2.4893,1.4455,2.2674,4.8061,0.3011,4.6509,1.728
L.DKMGP_21_mcmc_result,14,0.9955074447817801,1.0,1.2748035978329229,1.3048,3.8909,2.4051,1.5967,2.0926,0.834,0.2266,3.5051,2.5333,3.7335
L.DKMGP_21_mcmc_result,15,1.2993235658060565,0.9,1.2937526027937012,3.8328,0.194,2.9792,2.6081,3.0615,3.7222,4.367,1.3037,4.2183,0.4285
L.DKMGP_21_mcmc_result,16,0.9923223410512283,0.9,1.293197834880234,3.3953,3.6181,1.2506,0.2182,4.5798,3.9158,1.4903,1.6136,2.725,2.4281
L.DKMGP_21_mcmc_result,17,1.0924449275589365,1.0,1.280497897177161,1.6671,2.3425,4.1217,3.9872,0.5725,1.8657,2.872,3.7764,0.7351,4.1839
L.DKMGP_21_mcmc_result,18,1.1809369383247272,1.0,1.2959763844282062,1.5328,4.7241,0.9172,3.1351,4.1451,2.1092,0.4479,3.2172,2.1739,1.5653
L.DKMGP_21_mcmc_result,19,1.3081381765387308,1.0,1.2634131843370588,3.6063,1.0848,3.8647,1.7014,0.75,4.7622,3.9734,0.9778,3.8576,4.396
L.DKMGP_21_mcmc_result,20,0.7675546047971524,1.0,1.29208262704418,4.2345,2.5565,2.2199,4.2068,1.6554,2.7407,1.8623,1.8641,3.0546,2.7218
L.DKMGP_21_mcmc_result,21,1.170128991460198,1.0,1.2985014721948405,0.8265,1.3767,2.5644,0.6303,3.2367,0.4554,2.634,4.1421,1.0634,0.7895
L.DKMGP_21_mcmc_result,22,1.0887387486976905,1.0,1.2832367287376805,0.3454,3.3303,4.4847,0.891,2.8121,1.439,2.3803,2.0961,3.1763,4.0212
L.DKMGP_21_mcmc_result,23,1.3042847140790068,1.0,1.24787437317531,4.7159,2.1313,0.3121,4.4718,2.5322,4.36,3.4557,4.5274,0.2673,1.94
L.DKMGP_21_mcmc_result,24,0.990171655887046,1.0,1.244191401330466,3.1249,4.2538,3.1891,1.9624,0.3996,3.2575,1.1933,2.9849,1.7594,0.2658
L.DKMGP_21_mcmc_result,25,1.3361240027688386,0.8,1.2614180819505638,2.0138,0.6336,1.6197,3.401,4.9429,1.3168,4.4149,0.5928,4.9757,3.2454
L.DKMGP_21_mcmc_result,26,1.0330286716775823,1.0,1.1568565682758163,2.0862,3.2529,0.426,4.0401,2.0183,0.5535,0.9406,0.9292,0.6691,0.5139
L.DKMGP_21_mcmc_result,27,1.1587351528781644,0.8,1.2548697821216748,3.0514,2.0592,4.9815,0.117,2.9827,2.7956,4.7628,3.2455,3.5781,3.6485
L.DKMGP_21_mcmc_result,28,1.2726043402238545,1.0,1.249355817023996,4.7918,4.186,1.7359,2.6606,4.5059,4.822,2.0491,4.1892,4.6119,4.118
L.DKMGP_21_mcmc_result,29,0.799110042871767,1.0,1.142672165186283,0.2707,0.5519,3.6884,1.4971,0.4933,2.2024,3.7299,1.8349,1.3956,2.4944
L.DKMGP_21_mcmc_result,30,1.292414032750846,0.9,1.2807390909804268,0.747,4.9601,4.3622,2.4372,1.2267,1.2235,1.6103,4.421,4.1066,2.9673
L.DKMGP_21_mcmc_result,31,0.9789333305817183,1.0,1.2938960185086952,4.3152,1.3069,1.0316,3.6052,3.9376,3.1977,2.9824,2.2204,2.4228,1.1946
L.DKMGP_21_mcmc_result,32,0.7752081038195517,1.0,1.1523120448722455,3.5279,2.7829,3.0642,1.0575,3.6371,4.305,0.1162,0.6971,0.853,1.6642
L.DKMGP_21_mcmc_result,33,1.1651889735867536,0.8,1.2545873151177673,1.6099,1.6084,2.3368,4.9856,1.5242,1.3409,4.247,2.8603,2.8442,4.9477
L.DKMGP_21_mcmc_result,34,0.9785165792640281,1.0,1.291577358083483,1.7442,3.9749,2.7882,3.3677,2.5801,2.3224,1.8292,4.751,3.8165,2.0254
L.DKMGP_21_mcmc_result,35,1.0780624722988326,1.0,1.282578765217036,3.317,0.2643,1.9842,2.0814,2.3049,4.6836,2.5912,2.5112,2.1315,3.9362
L.DKMGP_21_mcmc_result,36,0.9622806513898892,1.0,1.1086188072330274,3.9135,3.6926,3.9283,4.4383,0.1673,2.9542,0.4906,0.3309,1.0989,3.1795
L.DKMGP_21_mcmc_result,37,1.3133957505663907,1.0,1.2929368939454953,1.2253,2.4224,0.8274,1.0114,4.7158,0.3771,4.0066,2.6081,3.0888,0.3321
L.DKMGP_21_mcmc_result,38,1.2563390881237948,1.0,1.293803779038547,0.4816,2.9163,1.3983,0.6643,4.3772,1.8058,1.3127,1.18,0.3826,4.4788
L.DKMGP_21_mcmc_result,39,1.1572124558978096,1.0,1.277652269801264,4.6574,1.6653,3.4273,4.0862,0.9773,3.8225,4.5247,3.6107,3.2927,1.4824
L.DKMGP_21_mcmc_result,40,1.1993708604618134,1.0,1.226676957164761,2.5731,4.4428,0.2463,1.7345,1.8873,3.624,2.2704,3.9016,4.8613,0.7257
L.DKMGP_21_mcmc_result,41,1.0558023416227014,1.0,1.2832959177247365,2.4879,0.7131,4.5722,3.0165,3.4642,0.779,3.3363,1.5088,1.6462,2.7854
L.DKMGP_21_mcmc_result,42,1.2787211481592924,1.0,1.307009592139075,2.2708,4.6098,2.1039,1.2011,0.684,4.003,4.9016,3.9802,1.9392,1.1195
L.DKMGP_21_mcmc_result,43,1.0994579488462526,1.0,1.2535264895524032,2.7916,0.8939,2.678,4.7844,4.6197,1.6418,0.7636,1.435,3.9305,3.0429
L.DKMGP_21_mcmc_result,44,1.1265682468105125,1.0,1.2750049924235936,4.4582,3.0546,0.9567,2.2743,3.0971,0.9215,3.5624,1.1008,2.9726,4.7171
L.DKMGP_21_mcmc_result,45,0.8650572614031709,1.0,1.3193849655868972,0.6794,1.7983,3.8277,3.7106,2.2096,3.4986,2.1783,3.6852,1.2887,1.8953
L.DKMGP_21_mcmc_result,46,1.2301327947379754,0.9,1.2793223375170828,1.1601,3.5225,3.298,2.8231,1.3326,4.5199,3.1595,0.1031,3.4107,3.5657
L.DKMGP_21_mcmc_result,47,0.7295433801491877,1.0,1.181223428351009,3.9777,2.247,1.4989,1.3919,3.5218,2.5032,1.4715,2.8405,0.1946,0.5962
L.DKMGP_21_mcmc_result,48,1.2440449779344505,0.8,1.2460079596091211,3.2721,3.8336,4.4525,3.8966,3.8217,0.2514,4.1177,4.9782,1.8416,2.2704
L.DKMGP_21_mcmc_result,49,0.9842643422296485,0.9,1.0612496290861841,1.7901,0.1368,0.3564,0.3177,1.0345,3.0964,0.2836,2.2794,4.7503,4.3415
L.DKMGP_21_mcmc_result,50,1.1525528772423785,1.0,1.2638480596374513,1.3879,2.652,4.8044,1.9164,4.9074,3.3207,2.7683,0.4652,3.7654,1.4072
L.DKMGP_21_mcmc_result,51,1.0888893787755256,1.0,1.2120540785375322,3.7508,1.4722,0.6318,2.9302,0.2826,1.0786,1.6904,3.0874,0.5505,4.5544
L.DKMGP_21_mcmc_result,52,1.261974324062391,1.0,1.2746058452168143,4.1113,4.7814,3.5017,0.5396,2.4208,1.5025,3.8773,4.6535,1.5072,2.5548
L.DKMGP_21_mcmc_result,53,1.1772481758572992,1.0,1.2850715611536208,0.9499,1.142,1.9322,4.3064,2.7722,4.1221,0.6581,1.9927,4.4172,0.9568
L.DKMGP_21_mcmc_result,54,1.3489509838164562,1.0,1.2824683740428806,0.2006,4.3114,1.2183,4.5625,3.2736,2.6511,4.6635,4.2636,2.3095,3.8534
L.DKMGP_21_mcmc_result,55,1.4122769668876187,0.9,1.2775395558548728,4.8604,0.6911,4.1659,0.7914,1.7735,0.6769,1.1357,1.7558,4.2995,2.1077
L.DKMGP_21_mcmc_result,56,1.0063838878469673,0.9,1.2771452551590667,3.0018,3.4262,2.5139,3.186,0.8629,2.0193,3.1688,0.8554,2.6537,0.1081
L.DKMGP_21_mcmc_result,57,0.8998575610575891,0.9,1.2785414451500088,2.1372,2.2272,2.8584,2.1673,4.1859,4.9833,2.3996,3.324,0.9687,3.403
L.DKMGP_21_mcmc_result,58,0.6641251603893611,1.0,1.2347926678326817,2.1122,2.8471,2.2624,2.8806,2.9455,3.0668,1.5348,3.6271,1.3345,0.4062
L.DKMGP_21_mcmc_result,59,0.9608278746280093,0.9,1.2580356979300675,2.9488,1.5811,3.1428,1.8705,2.0531,0.1075,2.9046,1.1576,4.5495,3.2202
L.DKMGP_21_mcmc_result,60,1.222317751579401,0.8,1.1440382384694814,4.9231,4.9669,1.1056,4.2604,0.5354,2.4353,0.1916,1.4536,3.5927,3.996
L.DKMGP_21_mcmc_result,61,1.3032196562002252,1.0,1.269067916257987,0.216,1.2605,4.2829,0.4901,4.4662,4.4143,4.3248,3.9605,0.6829,2.0804
L.DKMGP_21_mcmc_result,62,1.0473536553634328,1.0,1.272387402175182,1.0027,4.2122,3.7628,0.8375,3.9722,3.5838,1.0184,2.2979,2.7906,2.85
L.DKMGP_21_mcmc_result,63,1.4164952633826178,0.9,1.1843154330028602,4.1361,0.4867,1.6574,4.6122,1.1897,0.9691,4.8381,4.9584,0.8004,0.7759
L.DKMGP_21_mcmc_result,64,0.8795920883586134,0.9,1.2815889189089202,3.7358,3.2983,4.9076,2.217,1.4849,1.7653,1.9714,2.7825,2.4463,1.5517
L.DKMGP_21_mcmc_result,65,1.2789430581791634,0.9,1.2651417316662958,1.3255,2.0514,0.5054,3.2321,3.6787,4.0123,3.6546,0.16,4.1313,4.5242
L.DKMGP_21_mcmc_result,66,1.2283675383954735,1.0,1.252839113977204,1.842,4.4124,4.6459,4.8114,2.2631,4.8599,1.2349,1.9741,3.1608,2.5302
L.DKMGP_21_mcmc_result,67,1.134164626020947,1.0,1.20326337761762,3.2958,0.7826,0.1671,1.2317,2.6195,2.01,4.4493,4.6732,1.1695,4.1204
L.DKMGP_21_mcmc_result,68,1.0330822897790686,1.0,1.254839446550558,3.9634,2.8667,3.3527,3.7411,4.7527,0.5917,2.3482,3.1455,2.1275,3.67
L.DKMGP_21_mcmc_result,69,1.1785474065308825,1.0,1.2417172505346739,1.0987,1.6774,1.477,2.3013,0.1329,2.6035,3.4118,0.4084,3.8113,0.5306
L.DKMGP_21_mcmc_result,70,1.298079334522852,0.9,1.2956663772516648,0.656,3.6241,0.7536,1.3614,1.0169,4.19,1.9045,3.382,1.6892,4.974
L.DKMGP_21_mcmc_result,71,1.072348668485881,1.0,1.258945441738583,4.4065,2.4539,4.0074,2.7963,4.3353,1.6081,2.6689,0.7986,4.9054,1.6761
L.DKMGP_21_mcmc_result,72,1.0259702144553906,1.0,1.243186185893268,2.8527,3.9639,2.0587,0.2909,3.4293,1.1082,0.4153,1.7373,3.2584,1.2257
L.DKMGP_21_mcmc_result,73,1.0505878004619438,1.0,1.23724474660969,2.2848,0.3149,2.7094,3.8662,1.9246,3.4646,3.9288,4.2833,0.3497,2.9744
L.DKMGP_21_mcmc_result,74,0.971261487885555,1.0,1.2431094379430785,2.5415,3.787,0.2771,2.0352,4.6569,1.4656,3.0816,1.8164,1.2836,1.0022
L.DKMGP_21_mcmc_result,75,1.277548405171277,0.9,1.3043000353034988,2.5975,0.1434,4.5264,3.318,0.6492,4.3155,1.396,4.2089,2.9684,2.6241
L.DKMGP_21_mcmc_result,76,1.0364055153811407,1.0,1.2696137890294477,4.6427,3.4951,1.5774,0.9617,2.1675,3.2841,4.1956,3.3035,4.0011,4.6046
L.DKMGP_21_mcmc_result,77,0.8832254752993591,1.0,1.2047427691361423,0.4183,2.3111,3.2236,4.3922,3.1368,1.2723,0.3591,0.8724,2.0112,1.4718
L.DKMGP_21_mcmc_result,78,0.9991376564297731,0.9,1.2645054311181134,1.2011,3.0466,3.907,4.1358,3.4872,2.1358,4.9769,2.9183,4.7173,3.458
L.DKMGP_21_mcmc_result,79,1.1237721677712174,0.9,1.1324848933235825,3.8602,1.8435,0.8827,0.7103,1.3696,4.7176,0.8413,0.6402,1.8073,0.1679
L.DKMGP_21_mcmc_result,80,0.8067710981840541,1.0,1.2422513281249605,3.38,4.5444,2.5994,3.0625,1.0738,2.7673,3.4871,2.2019,0.2386,2.1483
L.DKMGP_21_mcmc_result,81,1.1404659585649584,1.0,1.2658676343073552,1.7587,0.92,2.1783,1.7841,3.7801,0.4108,2.1006,4.4408,3.4538,3.9275
L.DKMGP_21_mcmc_result,82,1.0617827423059536,0.9,1.1934928397337297,1.5868,3.4384,2.9371,0.1474,0.3244,0.8074,4.588,2.5501,4.4308,1.9025
L.DKMGP_21_mcmc_result,83,1.1454090466992137,1.0,1.2144867761815832,3.4754,2.1777,2.4394,4.067,4.868,3.7667,1.0578,0.3877,1.522,4.7481
L.DKMGP_21_mcmc_result,84,0.9967349648265561,1.0,1.2641447606637188,4.3772,4.3811,4.0868,1.5239,2.7354,3.8892,3.2443,2.5298,0.4881,3.0548
L.DKMGP_21_mcmc_result,85,1.0371593620752966,1.0,1.27843712550112,0.7606,0.6609,1.2922,2.6911,2.4553,1.9103,2.4775,4.7313,3.7044,1.1458
L.DKMGP_21_mcmc_result,86,1.429098988444525,1.0,1.292017986784434,0.3229,4.8322,1.8535,3.5782,1.734,0.2907,2.846,1.5274,0.9935,4.3582
L.DKMGP_21_mcmc_result,87,0.936217714598029,1.0,1.2802001900953641,4.8146,1.1312,3.5763,2.4067,3.3155,2.9055,1.7657,3.8819,2.6771,2.2919
L.DKMGP_21_mcmc_result,88,1.35878736353553,0.9,1.2696895272436903,3.038,2.6837,0.7111,4.955,4.2208,4.5589,3.7996,3.5527,4.247,0.5986
L.DKMGP_21_mcmc_result,89,1.0597214822619576,1.0,1.2626174322088992,2.0245,1.4039,4.7307,1.0305,0.8256,2.3119,0.5828,1.2368,2.2558,3.6015
L.DKMGP_21_mcmc_result,90,1.424618397997514,0.8,1.2950347994845692,1.9509,4.9096,3.4593,1.6542,3.7144,1.8552,4.1527,0.2825,2.9261,0.2384
L.DKMGP_21_mcmc_result,91,0.9035134100107046,1.0,1.2780618022028147,3.1103,1.2033,1.3538,3.0867,1.6018,3.7911,0.3258,2.6755,1.2425,3.3879
L.DKMGP_21_mcmc_result,92,1.400285607045547,1.0,1.2581768279644814,4.7399,2.7515,4.616,0.5819,1.3014,3.6734,3.1149,4.8367,2.0454,3.8383
L.DKMGP_21_mcmc_result,93,1.2183263516099812,1.0,1.2743293819968082,0.3989,1.4856,0.2138,4.1596,4.0119,0.7476,1.4389,2.4064,4.0366,2.238
L.DKMGP_21_mcmc_result,94,1.0320173013303773,1.0,1.2648975462922203,0.8413,3.2024,1.9403,4.5204,4.4295,2.3718,3.5968,3.8345,1.9238,2.6919
L.DKMGP_21_mcmc_result,95,1.4148379257581694,1.0,1.3079277266105023,4.2977,1.9556,2.8207,0.9383,0.4172,4.6522,2.2199,1.5568,4.8326,0.9342
L.DKMGP_21_mcmc_result,96,1.1155566760556386,1.0,1.2679919984112036,3.5525,4.1546,0.7955,3.4484,1.9405,3.0036,4.8576,1.2851,3.3406,1.3846
L.DKMGP_21_mcmc_result,97,1.3458378317758797,0.9,1.283790178284839,1.5085,0.4291,3.9727,2.0109,2.9044,0.3457,0.7316,3.5248,0.1242,4.6915
L.DKMGP_21_mcmc_result,98,0.8216287593367834,1.0,1.3015615310826563,1.6804,2.9626,1.0757,1.1399,1.813,1.1741,3.2008,4.0841,1.5583,2.3624
L.DKMGP_21_mcmc_result,99,1.0099152900735906,1.0,1.2664636323118708,3.4572,1.7732,4.3295,4.9122,3.3896,3.2291,2.4435,1.921,4.4683,4.2881
L.DKMGP_21_mcmc_result,100,1.0018855207929067,1.0,1.2132420308010503,3.7807,4.4699,2.3689,2.5175,4.2996,4.2556,4.622,0.9963,3.6642,3.5123
L.DKMGP_21_mcmc_result,101,0.6823951425864858,1.0,1.1207948766710794,1.2818,0.8401,3.0196,3.5351,0.9,1.3723,1.1013,3.1974,0.449,0.6882
L.DKMGP_21_mcmc_result,102,1.346164954909176,0.9,1.0702915111035494,0.4942,4.0212,4.9495,2.58,0.2455,0.5042,3.9099,0.6114,2.5666,4.8159
L.DKMGP_21_mcmc_result,103,1.2250595759674696,1.0,1.2974164053702257,4.568,0.3722,0.4706,1.5675,4.7938,2.827,0.7027,2.9652,0.8818,1.8344
L.DKMGP_21_mcmc_result,104,1.0558058904272185,1.0,1.255714642408375,2.6699,3.7197,3.6443,3.958,2.6562,4.7727,2.7261,4.4693,2.375,1.0587
L.DKMGP_21_mcmc_result,105,0.8186446691510367,1.0,1.3045702690359935,2.468,2.5494,1.7686,0.1901,2.3813,2.2338,1.6554,2.1529,4.365,3.1417
L.DKMGP_21_mcmc_result,106,1.1986123979067391,0.9,1.2497269927365797,2.3608,3.5527,4.2004,3.2663,3.8981,2.7016,0.1488,4.5481,4.6564,0.8638
L.DKMGP_21_mcmc_result,107,0.8624762036596455,1.0,1.2659616789553272,2.7779,2.3686,1.1761,2.0971,1.1107,0.6466,4.2915,2.079,1.4402,2.7626
L.DKMGP_21_mcmc_result,108,1.2621060908121144,1.0,1.273711313289318,4.4789,3.8829,2.9,4.6449,1.4106,2.0698,1.5681,0.532,0.5601,4.4559
L.DKMGP_21_mcmc_result,109,1.0754468710072442,0.9,1.204138070260148,0.5823,0.2392,2.4789,0.718,3.6,4.9531,2.9474,3.0397,3.4688,1.6204
L.DKMGP_21_mcmc_result,110,1.116932658094675,1.0,1.2014433085874399,1.0204,4.64,0.5902,0.4576,3.0197,3.3713,2.0811,0.7689,0.7677,3.3101
L.DKMGP_21_mcmc_result,111,1.323573870188956,1.0,1.292115779828508,4.0406,1.0155,4.8395,4.3795,2.132,1.0484,3.7739,3.4298,2.759,0.316
L.DKMGP_21_mcmc_result,112,0.9822591419269737,1.0,1.2647652868997343,3.2162,3.104,1.8978,1.8358,0.6094,1.5531,0.899,4.311,4.1751,2.0094
L.DKMGP_21_mcmc_result,113,1.001787221652223,1.0,1.2632374000898337,1.9228,1.9008,3.5439,3.0006,4.5454,4.0919,4.7284,1.6892,2.4913,4.0667
L.DKMGP_21_mcmc_result,114,1.2275050477463514,1.0,1.3277706414329882,1.4062,4.2855,1.5404,3.8142,0.7847,4.4693,2.3048,1.0534,1.0494,1.764
L.DKMGP_21_mcmc_result,115,1.2288100993607747,1.0,1.2330790366293993,3.6562,0.5653,3.2631,0.3912,4.1081,2.5334,3.3779,3.7517,3.0396,4.8866
L.DKMGP_21_mcmc_result,116,1.190807746491105,0.9,1.2827177993489456,4.2133,3.3811,0.3908,2.7428,3.1975,0.2008,1.2687,4.0668,3.9209,2.9061
L.DKMGP_21_mcmc_result,117,1.090991815758823,1.0,1.302624281307046,0.9243,2.1205,4.4104,1.462,1.6971,3.1266,4.4927,1.3293,2.2359,1.2944
L.DKMGP_21_mcmc_result,118,1.2626054419533608,0.7,1.2623203222577133,0.1423,2.6261,2.6438,2.3549,2.4951,3.9524,0.5256,4.9113,4.9513,4.2103
L.DKMGP_21_mcmc_result,119,0.9891014205859162,0.9,1.27861303234586,4.9955,1.3464,2.146,3.6401,2.8469,1.6721,4.0487,2.3271,1.7363,2.4401
L.DKMGP_21_mcmc_result,120,1.3255067089318904,0.9,1.094330280076937,2.874,4.7363,3.7862,1.2832,4.985,0.8709,1.7846,0.2086,0.319,0.4596
L.MGP_21_mcmc_result,1,1.2790981898128349,1.0,1.2882155613709114,3.67,4.8642,1.433,4.7406,2.8699,0.6171,3.0394,3.4495,4.781,1.8129
L.MGP_21_mcmc_result,2,1.1596644558864164,1.0,1.3528462487980275,1.4675,1.2111,3.3854,1.3114,1.9773,2.5577,1.3611,0.7503,1.8711,4.7991
L.MGP_21_mcmc_result,3,0.7902275079324302,1.0,1.2745333050876133,1.8697,3.7501,1.6893,2.1444,3.3526,3.5584,3.8346,1.3861,0.4436,2.1734
L.MGP_21_mcmc_result,4,0.9746239839123645,1.0,1.316751499324433,3.1913,2.4799,3.7183,3.3148,1.8476,1.0148,0.625,4.0088,3.6597,3.788
L.MGP_21_mcmc_result,5,1.1401481673317806,1.0,1.3222632929809446,4.0561,4.0708,0.5492,0.7665,0.9416,1.7399,2.8014,3.732,4.5399,3.3185
L.MGP_21_mcmc_result,6,1.5354702994826097,1.0,1.3512123136667784,1.0829,0.3601,4.8751,4.6922,4.2604,4.058,1.7331,1.0719,1.6312,0.1929
L.MGP_21_mcmc_result,7,1.2306825612809018,1.0,1.2621845568098329,0.6069,4.5384,3.0989,4.3311,4.8285,3.0414,3.2787,2.7345,4.3323,4.6173
L.MGP_21_mcmc_result,8,0.8350853754331157,1.0,1.2744703845581271,2.7156,2.9736,4.251,2.9534,2.3416,2.4099,4.5441,2.3839,0.9249,0.8744
L.MGP_21_mcmc_result,9,1.1251662120309143,1.0,1.3184904013344019,2.3457,1.7226,1.1501,1.7874,2.6983,4.46,1.0258,4.8532,2.6087,2.6368
L.MGP_21_mcmc_result,10,1.0623286501209375,1.0,1.297012787611355,2.4155,3.1505,3.6177,4.884,1.1526,0.3173,2.0058,2.4633,3.5417,1.2776
L.MGP_21_mcmc_result,11,0.9119445491934806,1.0,1.2685731865878331,2.6466,1.8941,1.8186,1.1105,3.8585,2.8609,3.6961,4.7788,0.6316,2.8845
L.MGP_21_mcmc_result,12,1.4025919703280374,1.0,1.2831994114267204,4.5815,4.6674,4.765,3.5057,3.5627,4.5855,0.9744,2.6557,1.4358,4.8841
L.MGP_21_mcmc_result,13,1.44267437547295,1.0,1.3315699547606354,0.5563,0.9514,0.6689,2.4893,1.4455,2.2674,4.8061,0.3011,4.6509,1.728
L.MGP_21_mcmc_result,14,1.01134672775146,1.0,1.3111976398874123,1.3048,3.8909,2.4051,1.5967,2.0926,0.834,0.2266,3.5051,2.5333,3.7335
L.MGP_21_mcmc_result,15,1.236721660037179,0.9,1.250181336949534,3.8328,0.194,2.9792,2.6081,3.0615,3.7222,4.367,1.3037,4.2183,0.4285
L.MGP_21_mcmc_result,16,1.009551986047471,0.9,1.3109323379495035,3.3953,3.6181,1.2506,0.2182,4.5798,3.9158,1.4903,1.6136,2.725,2.4281
L.MGP_21_mcmc_result,17,1.0215490833213143,1.0,1.2876167912054464,1.6671,2.3425,4.1217,3.9872,0.5725,1.8657,2.872,3.7764,0.7351,4.1839
L.MGP_21_mcmc_result,18,1.1277085626634233,1.0,1.3278479478400953,1.5328,4.7241,0.9172,3.1351,4.1451,2.1092,0.4479,3.2172,2.1739,1.5653
L.MGP_21_mcmc_result,19,1.309617751630807,1.0,1.3026872367032984,3.6063,1.0848,3.8647,1.7014,0.75,4.7622,3.9734,0.9778,3.8576,4.396
L.MGP_21_mcmc_result,20,0.7957198962288347,1.0,1.3233491138445665,4.2345,2.5565,2.2199,4.2068,1.6554,2.7407,1.8623,1.8641,3.0546,2.7218
L.MGP_21_mcmc_result,21,1.2498396039084743,1.0,1.3172935579422091,0.8265,1.3767,2.5644,0.6303,3.2367,0.4554,2.634,4.1421,1.0634,0.7895
L.MGP_21_mcmc_result,22,1.0849600604211103,1.0,1.2954618351540834,0.3454,3.3303,4.4847,0.891,2.8121,1.439,2.3803,2.0961,3.1763,4.0212
L.MGP_21_mcmc_result,23,1.3589719598226035,1.0,1.2993059027851392,4.7159,2.1313,0.3121,4.4718,2.5322,4.36,3.4557,4.5274,0.2673,1.94
L.MGP_21_mcmc_result,24,1.0741889291914344,1.0,1.2910803104526043,3.1249,4.2538,3.1891,1.9624,0.3996,3.2575,1.1933,2.9849,1.7594,0.2658
L.MGP_21_mcmc_result,25,1.3228978236149185,0.8,1.2737271805752655,2.0138,0.6336,1.6197,3.401,4.9429,1.3168,4.4149,0.5928,4.9757,3.2454
L.MGP_21_mcmc_result,26,1.2616022801991265,1.0,1.3733422432848041,2.0862,3.2529,0.426,4.0401,2.0183,0.5535,0.9406,0.9292,0.6691,0.5139
L.MGP_21_mcmc_result,27,1.1236262283960379,0.8,1.2420333629530886,3.0514,2.0592,4.9815,0.117,2.9827,2.7956,4.7628,3.2455,3.5781,3.6485
L.MGP_21_mcmc_result,28,1.1274179642691662,1.0,1.2036470067495633,4.7918,4.186,1.7359,2.6606,4.5059,4.822,2.0491,4.1892,4.6119,4.118
L.MGP_21_mcmc_result,29,1.0591062832145144,1.0,1.325668609494452,0.2707,0.5519,3.6884,1.4971,0.4933,2.2024,3.7299,1.8349,1.3956,2.4944
L.MGP_21_mcmc_result,30,1.2734753495210445,0.9,1.2923221379075915,0.747,4.9601,4.3622,2.4372,1.2267,1.2235,1.6103,4.421,4.1066,2.9673
L.MGP_21_mcmc_result,31,0.9364347649163721,1.0,1.2754582390491296,4.3152,1.3069,1.0316,3.6052,3.9376,3.1977,2.9824,2.2204,2.4228,1.1946
L.MGP_21_mcmc_result,32,1.0446313184292644,0.9,1.2699826076200065,3.5279,2.7829,3.0642,1.0575,3.6371,4.305,0.1162,0.6971,0.853,1.6642
L.MGP_21_mcmc_result,33,1.1499953877088325,0.8,1.2902397756921578,1.6099,1.6084,2.3368,4.9856,1.5242,1.3409,4.247,2.8603,2.8442,4.9477
L.MGP_21_mcmc_result,34,0.9308430403457155,1.0,1.2860335542548669,1.7442,3.9749,2.7882,3.3677,2.5801,2.3224,1.8292,4.751,3.8165,2.0254
L.MGP_21_mcmc_result,35,1.0355030392504347,1.0,1.3021688390704114,3.317,0.2643,1.9842,2.0814,2.3049,4.6836,2.5912,2.5112,2.1315,3.9362
L.MGP_21_mcmc_result,36,1.3245079916335165,1.0,1.3034526205806987,3.9135,3.6926,3.9283,4.4383,0.1673,2.9542,0.4906,0.3309,1.0989,3.1795
L.MGP_21_mcmc_result,37,1.3651105198888007,1.0,1.322551476460795,1.2253,2.4224,0.8274,1.0114,4.7158,0.3771,4.0066,2.6081,3.0888,0.3321
L.MGP_21_mcmc_result,38,1.367962936777567,1.0,1.3669404581648936,0.4816,2.9163,1.3983,0.6643,4.3772,1.8058,1.3127,1.18,0.3826,4.4788
L.MGP_21_mcmc_result,39,1.1040764904167988,1.0,1.2731588912231864,4.6574,1.6653,3.4273,4.0862,0.9773,3.8225,4.5247,3.6107,3.2927,1.4824
L.MGP_21_mcmc_result,40,1.201278242984166,1.0,1.2817001069970027,2.5731,4.4428,0.2463,1.7345,1.8873,3.624,2.2704,3.9016,4.8613,0.7257
L.MGP_21_mcmc_result,41,1.0396637618858366,1.0,1.3164645530186239,2.4879,0.7131,4.5722,3.0165,3.4642,0.779,3.3363,1.5088,1.6462,2.7854
L.MGP_21_mcmc_result,42,1.2649298826992836,1.0,1.3231452973733713,2.2708,4.6098,2.1039,1.2011,0.684,4.003,4.9016,3.9802,1.9392,1.1195
L.MGP_21_mcmc_result,43,1.1720687102692189,1.0,1.2842628567856378,2.7916,0.8939,2.678,4.7844,4.6197,1.6418,0.7636,1.435,3.9305,3.0429
L.MGP_21_mcmc_result,44,1.1037833797214827,1.0,1.2761813012870644,4.4582,3.0546,0.9567,2.2743,3.0971,0.9215,3.5624,1.1008,2.9726,4.7171
L.MGP_21_mcmc_result,45,0.9165580774065467,1.0,1.3486439682171483,0.6794,1.7983,3.8277,3.7106,2.2096,3.4986,2.1783,3.6852,1.2887,1.8953
L.MGP_21_mcmc_result,46,1.15598616333364,0.9,1.3089691039333036,1.1601,3.5225,3.298,2.8231,1.3326,4.5199,3.1595,0.1031,3.4107,3.5657
L.MGP_21_mcmc_result,47,1.0208300187521862,1.0,1.336818340839082,3.9777,2.247,1.4989,1.3919,3.5218,2.5032,1.4715,2.8405,0.1946,0.5962
L.MGP_21_mcmc_result,48,1.2443628249406842,0.9,1.2657634474052712,3.2721,3.8336,4.4525,3.8966,3.8217,0.2514,4.1177,4.9782,1.8416,2.2704
L.MGP_21_mcmc_result,49,1.5940544783508526,0.9,1.407632431502621,1.7901,0.1368,0.3564,0.3177,1.0345,3.0964,0.2836,2.2794,4.7503,4.3415
L.MGP_21_mcmc_result,50,1.0846974801541898,1.0,1.2825108345621863,1.3879,2.652,4.8044,1.9164,4.9074,3.3207,2.7683,0.4652,3.7654,1.4072
L.MGP_21_mcmc_result,51,1.2133787269968213,1.0,1.3161663284920482,3.7508,1.4722,0.6318,2.9302,0.2826,1.0786,1.6904,3.0874,0.5505,4.5544
L.MGP_21_mcmc_result,52,1.2475796832111885,1.0,1.2765541271835776,4.1113,4.7814,3.5017,0.5396,2.4208,1.5025,3.8773,4.6535,1.5072,2.5548
L.MGP_21_mcmc_result,53,1.2482601169500698,1.0,1.3331210781148344,0.9499,1.142,1.9322,4.3064,2.7722,4.1221,0.6581,1.9927,4.4172,0.9568
L.MGP_21_mcmc_result,54,1.3369681899818646,1.0,1.2960472890051975,0.2006,4.3114,1.2183,4.5625,3.2736,2.6511,4.6635,4.2636,2.3095,3.8534
L.MGP_21_mcmc_result,55,1.3992754584431333,1.0,1.3244973095609536,4.8604,0.6911,4.1659,0.7914,1.7735,0.6769,1.1357,1.7558,4.2995,2.1077
L.MGP_21_mcmc_result,56,1.0792657345024743,0.9,1.3201554208157393,3.0018,3.4262,2.5139,3.186,0.8629,2.0193,3.1688,0.8554,2.6537,0.1081
L.MGP_21_mcmc_result,57,0.8745361864008775,0.9,1.2860654200569006,2.1372,2.2272,2.8584,2.1673,4.1859,4.9833,2.3996,3.324,0.9687,3.403
L.MGP_21_mcmc_result,58,0.6649875020635964,1.0,1.2772183959689087,2.1122,2.8471,2.2624,2.8806,2.9455,3.0668,1.5348,3.6271,1.3345,0.4062
L.MGP_21_mcmc_result,59,0.9147886658583821,0.9,1.2724641489243806,2.9488,1.5811,3.1428,1.8705,2.0531,0.1075,2.9046,1.1576,4.5495,3.2202
L.MGP_21_mcmc_result,60,1.4594267590356549,0.8,1.2987836937700723,4.9231,4.9669,1.1056,4.2604,0.5354,2.4353,0.1916,1.4536,3.5927,3.996
L.MGP_21_mcmc_result,61,1.4459608771945787,1.0,1.3095578859642163,0.216,1.2605,4.2829,0.4901,4.4662,4.4143,4.3248,3.9605,0.6829,2.0804
L.MGP_21_mcmc_result,62,1.0430718128943368,1.0,1.3082284552110113,1.0027,4.2122,3.7628,0.8375,3.9722,3.5838,1.0184,2.2979,2.7906,2.85
L.MGP_21_mcmc_result,63,1.5716235861293804,0.9,1.3091877667257186,4.1361,0.4867,1.6574,4.6122,1.1897,0.9691,4.8381,4.9584,0.8004,0.7759
L.MGP_21_mcmc_result,64,0.8769998014440993,1.0,1.3174671194465588,3.7358,3.2983,4.9076,2.217,1.4849,1.7653,1.9714,2.7825,2.4463,1.5517
L.MGP_21_mcmc_result,65,1.270485401626948,0.9,1.2995245521803456,1.3255,2.0514,0.5054,3.2321,3.6787,4.0123,3.6546,0.16,4.1313,4.5242
L.MGP_21_mcmc_result,66,1.24577825540179,1.0,1.2890569749370528,1.842,4.4124,4.6459,4.8114,2.2631,4.8599,1.2349,1.9741,3.1608,2.5302
L.MGP_21_mcmc_result,67,1.2149999699228933,1.0,1.2775351050453332,3.2958,0.7826,0.1671,1.2317,2.6195,2.01,4.4493,4.6732,1.1695,4.1204
L.MGP_21_mcmc_result,68,1.0331017466291688,1.0,1.2582558197396991,3.9634,2.8667,3.3527,3.7411,4.7527,0.5917,2.3482,3.1455,2.1275,3.67
L.MGP_21_mcmc_result,69,1.1903215371975189,0.9,1.2887023595726468,1.0987,1.6774,1.477,2.3013,0.1329,2.6035,3.4118,0.4084,3.8113,0.5306
L.MGP_21_mcmc_result,70,1.3479208332391546,0.9,1.3052908031535584,0.656,3.6241,0.7536,1.3614,1.0169,4.19,1.9045,3.382,1.6892,4.974
L.MGP_21_mcmc_result,71,1.0507334655474474,1.0,1.2626967158281726,4.4065,2.4539,4.0074,2.7963,4.3353,1.6081,2.6689,0.7986,4.9054,1.6761
L.MGP_21_mcmc_result,72,1.0964031647080448,1.0,1.3057596692716602,2.8527,3.9639,2.0587,0.2909,3.4293,1.1082,0.4153,1.7373,3.2584,1.2257
L.MGP_21_mcmc_result,73,1.0114607634979689,1.0,1.2828572981955895,2.2848,0.3149,2.7094,3.8662,1.9246,3.4646,3.9288,4.2833,0.3497,2.9744
L.MGP_21_mcmc_result,74,1.120102024373806,1.0,1.3191952319934959,2.5415,3.787,0.2771,2.0352,4.6569,1.4656,3.0816,1.8164,1.2836,1.0022
L.MGP_21_mcmc_result,75,1.2886721706778455,0.9,1.3165003381587765,2.5975,0.1434,4.5264,3.318,0.6492,4.3155,1.396,4.2089,2.9684,2.6241
L.MGP_21_mcmc_result,76,1.1244507312466592,1.0,1.2971688299617155,4.6427,3.4951,1.5774,0.9617,2.1675,3.2841,4.1956,3.3035,4.0011,4.6046
L.MGP_21_mcmc_result,77,1.1382455479769487,1.0,1.3140407320062,0.4183,2.3111,3.2236,4.3922,3.1368,1.2723,0.3591,0.8724,2.0112,1.4718
L.MGP_21_mcmc_result,78,0.9662312759632408,0.9,1.252293661106825,1.2011,3.0466,3.907,4.1358,3.4872,2.1358,4.9769,2.9183,4.7173,3.458
L.MGP_21_mcmc_result,79,1.4184802509854326,1.0,1.3684961612198543,3.8602,1.8435,0.8827,0.7103,1.3696,4.7176,0.8413,0.6402,1.8073,0.1679
L.MGP_21_mcmc_result,80,0.8382566218035331,1.0,1.2964777048424279,3.38,4.5444,2.5994,3.0625,1.0738,2.7673,3.4871,2.2019,0.2386,2.1483
L.MGP_21_mcmc_result,81,1.1653667622836177,1.0,1.3146790581618233,1.7587,0.92,2.1783,1.7841,3.7801,0.4108,2.1006,4.4408,3.4538,3.9275
L.MGP_21_mcmc_result,82,1.112756756378364,0.9,1.2645173813894934,1.5868,3.4384,2.9371,0.1474,0.3244,0.8074,4.588,2.5501,4.4308,1.9025
L.MGP_21_mcmc_result,83,1.2524452091453249,1.0,1.279883195235778,3.4754,2.1777,2.4394,4.067,4.868,3.7667,1.0578,0.3877,1.522,4.7481
L.MGP_21_mcmc_result,84,0.9542043801704716,1.0,1.242553111815691,4.3772,4.3811,4.0868,1.5239,2.7354,3.8892,3.2443,2.5298,0.4881,3.0548
L.MGP_21_mcmc_result,85,1.0435130027134372,1.0,1.2999350074579543,0.7606,0.6609,1.2922,2.6911,2.4553,1.9103,2.4775,4.7313,3.7044,1.1458
L.MGP_21_mcmc_result,86,1.3534201589630255,1.0,1.3096945960808506,0.3229,4.8322,1.8535,3.5782,1.734,0.2907,2.846,1.5274,0.9935,4.3582
L.MGP_21_mcmc_result,87,0.8895077370001291,1.0,1.260298981842428,4.8146,1.1312,3.5763,2.4067,3.3155,2.9055,1.7657,3.8819,2.6771,2.2919
L.MGP_21_mcmc_result,88,1.3122218029171147,0.9,1.2684886280233383,3.038,2.6837,0.7111,4.955,4.2208,4.5589,3.7996,3.5527,4.247,0.5986
L.MGP_21_mcmc_result,89,1.157382323290166,1.0,1.3151372595569941,2.0245,1.4039,4.7307,1.0305,0.8256,2.3119,0.5828,1.2368,2.2558,3.6015
L.MGP_21_mcmc_result,90,1.3123634301058018,1.0,1.2797005678805262,1.9509,4.9096,3.4593,1.6542,3.7144,1.8552,4.1527,0.2825,2.9261,0.2384
L.MGP_21_mcmc_result,91,0.9175671445314784,1.0,1.2812914449794637,3.1103,1.2033,1.3538,3.0867,1.6018,3.7911,0.3258,2.6755,1.2425,3.3879
L.MGP_21_mcmc_result,92,1.371155075955146,1.0,1.2759600979709282,4.7399,2.7515,4.616,0.5819,1.3014,3.6734,3.1149,4.8367,2.0454,3.8383
L.MGP_21_mcmc_result,93,1.2946039580889088,1.0,1.3317735918495721,0.3989,1.4856,0.2138,4.1596,4.0119,0.7476,1.4389,2.4064,4.0366,2.238
L.MGP_21_mcmc_result,94,1.0075318273549014,1.0,1.2888544910782103,0.8413,3.2024,1.9403,4.5204,4.4295,2.3718,3.5968,3.8345,1.9238,2.6919
L.MGP_21_mcmc_result,95,1.3805031995307055,1.0,1.3239699629752153,4.2977,1.9556,2.8207,0.9383,0.4172,4.6522,2.2199,1.5568,4.8326,0.9342
L.MGP_21_mcmc_result,96,1.0853142820633268,1.0,1.2979180510336392,3.5525,4.1546,0.7955,3.4484,1.9405,3.0036,4.8576,1.2851,3.3406,1.3846
L.MGP_21_mcmc_result,97,1.45238170135339,0.9,1.3732398378984285,1.5085,0.4291,3.9727,2.0109,2.9044,0.3457,0.7316,3.5248,0.1242,4.6915
L.MGP_21_mcmc_result,98,0.9055563640167728,1.0,1.348161455671067,1.6804,2.9626,1.0757,1.1399,1.813,1.1741,3.2008,4.0841,1.5583,2.3624
L.MGP_21_mcmc_result,99,1.0396276855862503,0.9,1.256755614045801,3.4572,1.7732,4.3295,4.9122,3.3896,3.2291,2.4435,1.921,4.4683,4.2881
L.MGP_21_mcmc_result,100,1.0859933537306459,1.0,1.2487790109012098,3.7807,4.4699,2.3689,2.5175,4.2996,4.2556,4.622,0.9963,3.6642,3.5123
L.MGP_21_mcmc_result,101,1.0740317450561498,1.0,1.3628785086359212,1.2818,0.8401,3.0196,3.5351,0.9,1.3723,1.1013,3.1974,0.449,0.6882
L.MGP_21_mcmc_result,102,1.5123709385220532,0.9,1.2819552618883727,0.4942,4.0212,4.9495,2.58,0.2455,0.5042,3.9099,0.6114,2.5666,4.8159
L.MGP_21_mcmc_result,103,1.4088130139985027,1.0,1.3762799556115215,4.568,0.3722,0.4706,1.5675,4.7938,2.827,0.7027,2.9652,0.8818,1.8344
L.MGP_21_mcmc_result,104,1.0507658389909782,1.0,1.2738638840246757,2.6699,3.7197,3.6443,3.958,2.6562,4.7727,2.7261,4.4693,2.375,1.0587
L.MGP_21_mcmc_result,105,0.8631720058425802,0.9,1.326015205046761,2.468,2.5494,1.7686,0.1901,2.3813,2.2338,1.6554,2.1529,4.365,3.1417
L.MGP_21_mcmc_result,106,1.2302040810923307,0.9,1.2992749490874407,2.3608,3.5527,4.2004,3.2663,3.8981,2.7016,0.1488,4.5481,4.6564,0.8638
L.MGP_21_mcmc_result,107,0.8829355371759714,1.0,1.3157328261681918,2.7779,2.3686,1.1761,2.0971,1.1107,0.6466,4.2915,2.079,1.4402,2.7626
L.MGP_21_mcmc_result,108,1.3351312290728359,1.0,1.3207727620221923,4.4789,3.8829,2.9,4.6449,1.4106,2.0698,1.5681,0.532,0.5601,4.4559
L.MGP_21_mcmc_result,109,1.118508007485988,0.9,1.2665066818436617,0.5823,0.2392,2.4789,0.718,3.6,4.9531,2.9474,3.0397,3.4688,1.6204
L.MGP_21_mcmc_result,110,1.2484672520462352,1.0,1.3096451165787903,1.0204,4.64,0.5902,0.4576,3.0197,3.3713,2.0811,0.7689,0.7677,3.3101
L.MGP_21_mcmc_result,111,1.2633870002823626,1.0,1.2944037687799392,4.0406,1.0155,4.8395,4.3795,2.132,1.0484,3.7739,3.4298,2.759,0.316
L.MGP_21_mcmc_result,112,0.9791891319423655,1.0,1.3061056709416285,3.2162,3.104,1.8978,1.8358,0.6094,1.5531,0.899,4.311,4.1751,2.0094
L.MGP_21_mcmc_result,113,1.0067055008918175,1.0,1.2589972638617728,1.9228,1.9008,3.5439,3.0006,4.5454,4.0919,4.7284,1.6892,2.4913,4.0667
L.MGP_21_mcmc_result,114,1.2509686939696922,1.0,1.3185825362828005,1.4062,4.2855,1.5404,3.8142,0.7847,4.4693,2.3048,1.0534,1.0494,1.764
L.MGP_21_mcmc_result,115,1.2163855115765518,1.0,1.2475974393655986,3.6562,0.5653,3.2631,0.3912,4.1081,2.5334,3.3779,3.7517,3.0396,4.8866
L.MGP_21_mcmc_result,116,1.1786911400594853,0.9,1.3211710272417494,4.2133,3.3811,0.3908,2.7428,3.1975,0.2008,1.2687,4.0668,3.9209,2.9061
L.MGP_21_mcmc_result,117,1.0834458477730013,1.0,1.3241687671603788,0.9243,2.1205,4.4104,1.462,1.6971,3.1266,4.4927,1.3293,2.2359,1.2944
L.MGP_21_mcmc_result,118,1.3206648673369032,0.7,1.3062476450066367,0.1423,2.6261,2.6438,2.3549,2.4951,3.9524,0.5256,4.9113,4.9513,4.2103
L.MGP_21_mcmc_result,119,0.930016071484038,0.9,1.2884579759586097,4.9955,1.3464,2.146,3.6401,2.8469,1.6721,4.0487,2.3271,1.7363,2.4401
L.MGP_21_mcmc_result,120,1.6481182834180876,0.8,1.3171103696320199,2.874,4.7363,3.7862,1.2832,4.985,0.8709,1.7846,0.2086,0.319,0.4596
MVGP_21_mcmc_result,1,0.1284647252363617,1.0,0.16970318556476408,3.67,4.8642,1.433,4.7406,2.8699,0.6171,3.0394,3.4495,4.781,1.8129
MVGP_21_mcmc_result,2,0.06302200200266132,1.0,0.09876290197482032,1.4675,1.2111,3.3854,1.3114,1.9773,2.5577,1.3611,0.7503,1.8711,4.7991
MVGP_21_mcmc_result,3,0.05790305770193644,1.0,0.13842640507942963,1.8697,3.7501,1.6893,2.1444,3.3526,3.5584,3.8346,1.3861,0.4436,2.1734
MVGP_21_mcmc_result,4,0.08022241521721424,1.0,0.172862020533594,3.1913,2.4799,3.7183,3.3148,1.8476,1.0148,0.625,4.0088,3.6597,3.788
MVGP_21_mcmc_result,5,0.15204517378853244,1.0,0.14742624343104632,4.0561,4.0708,0.5492,0.7665,0.9416,1.7399,2.8014,3.732,4.5399,3.3185
MVGP_21_mcmc_result,6,0.13266817845915846,0.8,0.09324828058036647,1.0829,0.3601,4.8751,4.6922,4.2604,4.058,1.7331,1.0719,1.6312,0.1929
MVGP_21_mcmc_result,7,0.1316903798899701,1.0,0.21729920598501554,0.6069,4.5384,3.0989,4.3311,4.8285,3.0414,3.2787,2.7345,4.3323,4.6173
MVGP_21_mcmc_result,8,0.05204727995461641,1.0,0.17565339294397422,2.7156,2.9736,4.251,2.9534,2.3416,2.4099,4.5441,2.3839,0.9249,0.8744
MVGP_21_mcmc_result,9,0.09466414023124746,1.0,0.13206102278736678,2.3457,1.7226,1.1501,1.7874,2.6983,4.46,1.0258,4.8532,2.6087,2.6368
MVGP_21_mcmc_result,10,0.09552327634491974,1.0,0.12942301056316102,2.4155,3.1505,3.6177,4.884,1.1526,0.3173,2.0058,2.4633,3.5417,1.2776
MVGP_21_mcmc_result,11,0.08190199108574085,1.0,0.14517509631110168,2.6466,1.8941,1.8186,1.1105,3.8585,2.8609,3.6961,4.7788,0.6316,2.8845
MVGP_21_mcmc_result,12,0.1371748632125054,1.0,0.20113681596174943,4.5815,4.6674,4.765,3.5057,3.5627,4.5855,0.9744,2.6557,1.4358,4.8841
MVGP_21_mcmc_result,13,0.02737912725480739,1.0,0.09203686151797111,0.5563,0.9514,0.6689,2.4893,1.4455,2.2674,4.8061,0.3011,4.6509,1.728
MVGP_21_mcmc_result,14,0.0675627784766743,1.0,0.11154009250002006,1.3048,3.8909,2.4051,1.5967,2.0926,0.834,0.2266,3.5051,2.5333,3.7335
MVGP_21_mcmc_result,15,0.06988209871607615,1.0,0.17750019896698566,3.8328,0.194,2.9792,2.6081,3.0615,3.7222,4.367,1.3037,4.2183,0.4285
MVGP_21_mcmc_result,16,0.056879612331513986,1.0,0.13055649169434394,3.3953,3.6181,1.2506,0.2182,4.5798,3.9158,1.4903,1.6136,2.725,2.4281
MVGP_21_mcmc_result,17,0.04463856670505644,1.0,0.16690877440089752,1.6671,2.3425,4.1217,3.9872,0.5725,1.8657,2.872,3.7764,0.7351,4.1839
MVGP_21_mcmc_result,18,0.06649822157766817,1.0,0.1256415348855544,1.5328,4.7241,0.9172,3.1351,4.1451,2.1092,0.4479,3.2172,2.1739,1.5653
MVGP_21_mcmc_result,19,0.04379643739217164,1.0,0.18691052986253742,3.6063,1.0848,3.8647,1.7014,0.75,4.7622,3.9734,0.9778,3.8576,4.396
MVGP_21_mcmc_result,20,0.03379036774931102,1.0,0.1518105257825583,4.2345,2.5565,2.2199,4.2068,1.6554,2.7407,1.8623,1.8641,3.0546,2.7218
MVGP_21_mcmc_result,21,0.09006904905211373,1.0,0.08803338242521784,0.8265,1.3767,2.5644,0.6303,3.2367,0.4554,2.634,4.1421,1.0634,0.7895
MVGP_21_mcmc_result,22,1.998079063377872,0.0,0.018896611848637335,0.3454,3.3303,4.4847,0.891,2.8121,1.439,2.3803,2.0961,3.1763,4.0212
MVGP_21_mcmc_result,23,0.10092396374667627,1.0,0.15389202193151288,4.7159,2.1313,0.3121,4.4718,2.5322,4.36,3.4557,4.5274,0.2673,1.94
MVGP_21_mcmc_result,24,0.08338791948208253,1.0,0.13566909820111192,3.1249,4.2538,3.1891,1.9624,0.3996,3.2575,1.1933,2.9849,1.7594,0.2658
MVGP_21_mcmc_result,25,0.18715175397104106,1.0,0.1472472742552297,2.0138,0.6336,1.6197,3.401,4.9429,1.3168,4.4149,0.5928,4.9757,3.2454
MVGP_21_mcmc_result,26,0.050687638645499085,1.0,0.06495503229010051,2.0862,3.2529,0.426,4.0401,2.0183,0.5535,0.9406,0.9292,0.6691,0.5139
MVGP_21_mcmc_result,27,0.16157929082351707,0.8,0.18348408371460656,3.0514,2.0592,4.9815,0.117,2.9827,2.7956,4.7628,3.2455,3.5781,3.6485
MVGP_21_mcmc_result,28,0.09843290403915389,1.0,0.2217668611808133,4.7918,4.186,1.7359,2.6606,4.5059,4.822,2.0491,4.1892,4.6119,4.118
MVGP_21_mcmc_result,29,1.7141930834531887,0.0,7.515960900023631e-06,0.2707,0.5519,3.6884,1.4971,0.4933,2.2024,3.7299,1.8349,1.3956,2.4944
MVGP_21_mcmc_result,30,0.10595781877465651,0.9,0.14413523667884762,0.747,4.9601,4.3622,2.4372,1.2267,1.2235,1.6103,4.421,4.1066,2.9673
MVGP_21_mcmc_result,31,0.05326725628700296,1.0,0.15719683486034408,4.3152,1.3069,1.0316,3.6052,3.9376,3.1977,2.9824,2.2204,2.4228,1.1946
MVGP_21_mcmc_result,32,0.17621400051471242,0.7,0.11165429595980285,3.5279,2.7829,3.0642,1.0575,3.6371,4.305,0.1162,0.6971,0.853,1.6642
MVGP_21_mcmc_result,33,0.10693267921374967,0.9,0.13090091307995289,1.6099,1.6084,2.3368,4.9856,1.5242,1.3409,4.247,2.8603,2.8442,4.9477
MVGP_21_mcmc_result,34,0.09302427082739718,1.0,0.164728266618067,1.7442,3.9749,2.7882,3.3677,2.5801,2.3224,1.8292,4.751,3.8165,2.0254
MVGP_21_mcmc_result,35,0.04474543275189505,1.0,0.15046892372569337,3.317,0.2643,1.9842,2.0814,2.3049,4.6836,2.5912,2.5112,2.1315,3.9362
MVGP_21_mcmc_result,36,0.11242124070771382,0.8,0.12328105968502509,3.9135,3.6926,3.9283,4.4383,0.1673,2.9542,0.4906,0.3309,1.0989,3.1795
MVGP_21_mcmc_result,37,0.11329434031752648,1.0,0.09902871695563199,1.2253,2.4224,0.8274,1.0114,4.7158,0.3771,4.0066,2.6081,3.0888,0.3321
MVGP_21_mcmc_result,38,0.02529115439989712,1.0,0.1042571051559861,0.4816,2.9163,1.3983,0.6643,4.3772,1.8058,1.3127,1.18,0.3826,4.4788
MVGP_21_mcmc_result,39,0.0871511160010507,1.0,0.2190455730451235,4.6574,1.6653,3.4273,4.0862,0.9773,3.8225,4.5247,3.6107,3.2927,1.4824
MVGP_21_mcmc_result,40,0.07873629045883236,1.0,0.1378498386235057,2.5731,4.4428,0.2463,1.7345,1.8873,3.624,2.2704,3.9016,4.8613,0.7257
MVGP_21_mcmc_result,41,0.07274536128677213,1.0,0.13694203727611334,2.4879,0.7131,4.5722,3.0165,3.4642,0.779,3.3363,1.5088,1.6462,2.7854
MVGP_21_mcmc_result,42,0.12674141211575704,1.0,0.148782487599737,2.2708,4.6098,2.1039,1.2011,0.684,4.003,4.9016,3.9802,1.9392,1.1195
MVGP_21_mcmc_result,43,0.06336624430417306,1.0,0.12831649559579855,2.7916,0.8939,2.678,4.7844,4.6197,1.6418,0.7636,1.435,3.9305,3.0429
MVGP_21_mcmc_result,44,0.031605815931092254,1.0,0.1427036675752571,4.4582,3.0546,0.9567,2.2743,3.0971,0.9215,3.5624,1.1008,2.9726,4.7171
MVGP_21_mcmc_result,45,0.11904252129598643,1.0,0.14902641507703623,0.6794,1.7983,3.8277,3.7106,2.2096,3.4986,2.1783,3.6852,1.2887,1.8953
MVGP_21_mcmc_result,46,0.06904707517759197,0.9,0.1425813097251195,1.1601,3.5225,3.298,2.8231,1.3326,4.5199,3.1595,0.1031,3.4107,3.5657
MVGP_21_mcmc_result,47,0.049768312286337185,1.0,0.11011052771241939,3.9777,2.247,1.4989,1.3919,3.5218,2.5032,1.4715,2.8405,0.1946,0.5962
MVGP_21_mcmc_result,48,0.16691283757356995,0.9,0.19305453159893377,3.2721,3.8336,4.4525,3.8966,3.8217,0.2514,4.1177,4.9782,1.8416,2.2704
MVGP_21_mcmc_result,49,0.10688790888424304,1.0,0.07288199627879613,1.7901,0.1368,0.3564,0.3177,1.0345,3.0964,0.2836,2.2794,4.7503,4.3415
MVGP_21_mcmc_result,50,0.1139383425213886,1.0,0.13977444834336977,1.3879,2.652,4.8044,1.9164,4.9074,3.3207,2.7683,0.4652,3.7654,1.4072
MVGP_21_mcmc_result,51,0.09147346680721527,1.0,0.11507205101741029,3.7508,1.4722,0.6318,2.9302,0.2826,1.0786,1.6904,3.0874,0.5505,4.5544
MVGP_21_mcmc_result,52,0.08278230540939191,1.0,0.14642212798279258,4.1113,4.7814,3.5017,0.5396,2.4208,1.5025,3.8773,4.6535,1.5072,2.5548
MVGP_21_mcmc_result,53,0.06261589792075907,1.0,0.12454745501237836,0.9499,1.142,1.9322,4.3064,2.7722,4.1221,0.6581,1.9927,4.4172,0.9568
MVGP_21_mcmc_result,54,0.1104899707585571,1.0,0.16517326581525102,0.2006,4.3114,1.2183,4.5625,3.2736,2.6511,4.6635,4.2636,2.3095,3.8534
MVGP_21_mcmc_result,55,0.08267650063750326,1.0,0.111620238356636,4.8604,0.6911,4.1659,0.7914,1.7735,0.6769,1.1357,1.7558,4.2995,2.1077
MVGP_21_mcmc_result,56,0.11557235328675577,0.8,0.11633015208906865,3.0018,3.4262,2.5139,3.186,0.8629,2.0193,3.1688,0.8554,2.6537,0.1081
MVGP_21_mcmc_result,57,0.10865518944722416,0.9,0.1660144037896814,2.1372,2.2272,2.8584,2.1673,4.1859,4.9833,2.3996,3.324,0.9687,3.403
MVGP_21_mcmc_result,58,0.04195438827485994,1.0,0.1376330956043299,2.1122,2.8471,2.2624,2.8806,2.9455,3.0668,1.5348,3.6271,1.3345,0.4062
MVGP_21_mcmc_result,59,0.04823227805279817,0.9,0.11509532914388262,2.9488,1.5811,3.1428,1.8705,2.0531,0.1075,2.9046,1.1576,4.5495,3.2202
MVGP_21_mcmc_result,60,0.09822269699423124,0.9,0.10222232483064737,4.9231,4.9669,1.1056,4.2604,0.5354,2.4353,0.1916,1.4536,3.5927,3.996
MVGP_21_mcmc_result,61,0.13428165840402975,1.0,0.15509964873417384,0.216,1.2605,4.2829,0.4901,4.4662,4.4143,4.3248,3.9605,0.6829,2.0804
MVGP_21_mcmc_result,62,0.06188368907788473,1.0,0.16370091045461416,1.0027,4.2122,3.7628,0.8375,3.9722,3.5838,1.0184,2.2979,2.7906,2.85
MVGP_21_mcmc_result,63,0.0664365839008339,1.0,0.08737391743646682,4.1361,0.4867,1.6574,4.6122,1.1897,0.9691,4.8381,4.9584,0.8004,0.7759
MVGP_21_mcmc_result,64,0.08628823511855553,1.0,0.1434927955871037,3.7358,3.2983,4.9076,2.217,1.4849,1.7653,1.9714,2.7825,2.4463,1.5517
MVGP_21_mcmc_result,65,0.06339914763626538,0.9,0.13636647367765722,1.3255,2.0514,0.5054,3.2321,3.6787,4.0123,3.6546,0.16,4.1313,4.5242
MVGP_21_mcmc_result,66,0.08390220153134835,1.0,0.14257843154120572,1.842,4.4124,4.6459,4.8114,2.2631,4.8599,1.2349,1.9741,3.1608,2.5302
MVGP_21_mcmc_result,67,0.07171193717163499,1.0,0.1152582727831315,3.2958,0.7826,0.1671,1.2317,2.6195,2.01,4.4493,4.6732,1.1695,4.1204
MVGP_21_mcmc_result,68,0.059892576248723184,1.0,0.19482272241068202,3.9634,2.8667,3.3527,3.7411,4.7527,0.5917,2.3482,3.1455,2.1275,3.67
MVGP_21_mcmc_result,69,0.032734067119510143,1.0,0.07903002194878424,1.0987,1.6774,1.477,2.3013,0.1329,2.6035,3.4118,0.4084,3.8113,0.5306
MVGP_21_mcmc_result,70,0.09407704743799962,0.9,0.12026302020614188,0.656,3.6241,0.7536,1.3614,1.0169,4.19,1.9045,3.382,1.6892,4.974
MVGP_21_mcmc_result,71,0.10414955674385869,1.0,0.18506441072918842,4.4065,2.4539,4.0074,2.7963,4.3353,1.6081,2.6689,0.7986,4.9054,1.6761
MVGP_21_mcmc_result,72,0.03444074695589383,1.0,0.09472129739250981,2.8527,3.9639,2.0587,0.2909,3.4293,1.1082,0.4153,1.7373,3.2584,1.2257
MVGP_21_mcmc_result,73,0.09342116444926236,1.0,0.15659578519128237,2.2848,0.3149,2.7094,3.8662,1.9246,3.4646,3.9288,4.2833,0.3497,2.9744
MVGP_21_mcmc_result,74,0.07178464226771138,1.0,0.10551226288142512,2.5415,3.787,0.2771,2.0352,4.6569,1.4656,3.0816,1.8164,1.2836,1.0022
MVGP_21_mcmc_result,75,0.07767771711253742,0.9,0.14727808159023112,2.5975,0.1434,4.5264,3.318,0.6492,4.3155,1.396,4.2089,2.9684,2.6241
MVGP_21_mcmc_result,76,0.032330718069093996,1.0,0.21199202477788265,4.6427,3.4951,1.5774,0.9617,2.1675,3.2841,4.1956,3.3035,4.0011,4.6046
MVGP_21_mcmc_result,77,0.09055574862177367,1.0,0.08973747188385581,0.4183,2.3111,3.2236,4.3922,3.1368,1.2723,0.3591,0.8724,2.0112,1.4718
MVGP_21_mcmc_result,78,0.19384944549438363,1.0,0.21991882138680702,1.2011,3.0466,3.907,4.1358,3.4872,2.1358,4.9769,2.9183,4.7173,3.458
MVGP_21_mcmc_result,79,0.08266119865398901,0.8,0.06732614369809735,3.8602,1.8435,0.8827,0.7103,1.3696,4.7176,0.8413,0.6402,1.8073,0.1679
MVGP_21_mcmc_result,80,1.4180494135362942,0.0,2.0354612268332403e-06,3.38,4.5444,2.5994,3.0625,1.0738,2.7673,3.4871,2.2019,0.2386,2.1483
MVGP_21_mcmc_result,81,0.04950669179025108,1.0,0.13568012449428352,1.7587,0.92,2.1783,1.7841,3.7801,0.4108,2.1006,4.4408,3.4538,3.9275
MVGP_21_mcmc_result,82,0.08875745842921318,0.9,0.11794433161322379,1.5868,3.4384,2.9371,0.1474,0.3244,0.8074,4.588,2.5501,4.4308,1.9025
MVGP_21_mcmc_result,83,0.13689604401842334,1.0,0.159841149594334,3.4754,2.1777,2.4394,4.067,4.868,3.7667,1.0578,0.3877,1.522,4.7481
MVGP_21_mcmc_result,84,0.036939735519400656,1.0,0.20870963704180098,4.3772,4.3811,4.0868,1.5239,2.7354,3.8892,3.2443,2.5298,0.4881,3.0548
MVGP_21_mcmc_result,85,0.10496805151245887,1.0,0.10923017592507507,0.7606,0.6609,1.2922,2.6911,2.4553,1.9103,2.4775,4.7313,3.7044,1.1458
MVGP_21_mcmc_result,86,0.08191004231876502,0.9,0.1009614479693766,0.3229,4.8322,1.8535,3.5782,1.734,0.2907,2.846,1.5274,0.9935,4.3582
MVGP_21_mcmc_result,87,0.05025252091993912,1.0,0.18208966181710298,4.8146,1.1312,3.5763,2.4067,3.3155,2.9055,1.7657,3.8819,2.6771,2.2919
MVGP_21_mcmc_result,88,0.16955089316926997,0.9,0.17370536086831107,3.038,2.6837,0.7111,4.955,4.2208,4.5589,3.7996,3.5527,4.247,0.5986
MVGP_21_mcmc_result,89,0.05659627411700864,1.0,0.09454263173321743,2.0245,1.4039,4.7307,1.0305,0.8256,2.3119,0.5828,1.2368,2.2558,3.6015
MVGP_21_mcmc_result,90,0.1655182542667328,1.0,0.1473718137513035,1.9509,4.9096,3.4593,1.6542,3.7144,1.8552,4.1527,0.2825,2.9261,0.2384
MVGP_21_mcmc_result,91,0.03111907611458485,1.0,0.11979474312401325,3.1103,1.2033,1.3538,3.0867,1.6018,3.7911,0.3258,2.6755,1.2425,3.3879
MVGP_21_mcmc_result,92,0.1754246516075727,1.0,0.1878557981527886,4.7399,2.7515,4.616,0.5819,1.3014,3.6734,3.1149,4.8367,2.0454,3.8383
MVGP_21_mcmc_result,93,0.031261171056458634,1.0,0.09510697684298616,0.3989,1.4856,0.2138,4.1596,4.0119,0.7476,1.4389,2.4064,4.0366,2.238
MVGP_21_mcmc_result,94,0.08437420779969491,1.0,0.1707580501383619,0.8413,3.2024,1.9403,4.5204,4.4295,2.3718,3.5968,3.8345,1.9238,2.6919
MVGP_21_mcmc_result,95,0.031537713824158695,1.0,0.13049003327245362,4.2977,1.9556,2.8207,0.9383,0.4172,4.6522,2.2199,1.5568,4.8326,0.9342
MVGP_21_mcmc_result,96,0.08913030877146595,1.0,0.15564258031507203,3.5525,4.1546,0.7955,3.4484,1.9405,3.0036,4.8576,1.2851,3.3406,1.3846
MVGP_21_mcmc_result,97,0.16593890073497203,0.8,0.10065792181217181,1.5085,0.4291,3.9727,2.0109,2.9044,0.3457,0.7316,3.5248,0.1242,4.6915
MVGP_21_mcmc_result,98,0.04519520303292847,1.0,0.11184822399035468,1.6804,2.9626,1.0757,1.1399,1.813,1.1741,3.2008,4.0841,1.5583,2.3624
MVGP_21_mcmc_result,99,0.16230152746175228,1.0,0.19695606166341278,3.4572,1.7732,4.3295,4.9122,3.3896,3.2291,2.4435,1.921,4.4683,4.2881
MVGP_21_mcmc_result,100,0.08240296986241451,1.0,0.22366808380533748,3.7807,4.4699,2.3689,2.5175,4.2996,4.2556,4.622,0.9963,3.6642,3.5123
MVGP_21_mcmc_result,101,0.07016479338244608,1.0,0.08078694323695126,1.2818,0.8401,3.0196,3.5351,0.9,1.3723,1.1013,3.1974,0.449,0.6882
MVGP_21_mcmc_result,102,0.17544045477901313,0.9,0.11832894481287712,0.4942,4.0212,4.9495,2.58,0.2455,0.5042,3.9099,0.6114,2.5666,4.8159
MVGP_21_mcmc_result,103,0.04945299962547428,1.0,0.10776661450408616,4.568,0.3722,0.4706,1.5675,4.7938,2.827,0.7027,2.9652,0.8818,1.8344
MVGP_21_mcmc_result,104,0.1178289442492608,1.0,0.19047575766974242,2.6699,3.7197,3.6443,3.958,2.6562,4.7727,2.7261,4.4693,2.375,1.0587
MVGP_21_mcmc_result,105,0.10798605067772737,1.0,0.12106114904801472,2.468,2.5494,1.7686,0.1901,2.3813,2.2338,1.6554,2.1529,4.365,3.1417
MVGP_21_mcmc_result,106,0.14022804533093247,1.0,0.1755252479565634,2.3608,3.5527,4.2004,3.2663,3.8981,2.7016,0.1488,4.5481,4.6564,0.8638
MVGP_21_mcmc_result,107,0.047457804417025316,1.0,0.1047227412807477,2.7779,2.3686,1.1761,2.0971,1.1107,0.6466,4.2915,2.079,1.4402,2.7626
MVGP_21_mcmc_result,108,0.027334699861250932,1.0,0.13478385290378267,4.4789,3.8829,2.9,4.6449,1.4106,2.0698,1.5681,0.532,0.5601,4.4559
MVGP_21_mcmc_result,109,0.14833148745754177,1.0,0.12837667228682498,0.5823,0.2392,2.4789,0.718,3.6,4.9531,2.9474,3.0397,3.4688,1.6204
MVGP_21_mcmc_result,110,0.03341758281368064,1.0,0.09048449655626212,1.0204,4.64,0.5902,0.4576,3.0197,3.3713,2.0811,0.7689,0.7677,3.3101
MVGP_21_mcmc_result,111,0.10705346565193304,1.0,0.1345750692145279,4.0406,1.0155,4.8395,4.3795,2.132,1.0484,3.7739,3.4298,2.759,0.316
MVGP_21_mcmc_result,112,0.052189161712829314,1.0,0.13099581803961055,3.2162,3.104,1.8978,1.8358,0.6094,1.5531,0.899,4.311,4.1751,2.0094
MVGP_21_mcmc_result,113,0.10704760097562649,1.0,0.21501460615927154,1.9228,1.9008,3.5439,3.0006,4.5454,4.0919,4.7284,1.6892,2.4913,4.0667
MVGP_21_mcmc_result,114,0.0602032455742941,1.0,0.12249415601607132,1.4062,4.2855,1.5404,3.8142,0.7847,4.4693,2.3048,1.0534,1.0494,1.764
MVGP_21_mcmc_result,115,0.09567938276907852,1.0,0.17015115862688834,3.6562,0.5653,3.2631,0.3912,4.1081,2.5334,3.3779,3.7517,3.0396,4.8866
MVGP_21_mcmc_result,116,0.05386224052335912,1.0,0.14266736054669638,4.2133,3.3811,0.3908,2.7428,3.1975,0.2008,1.2687,4.0668,3.9209,2.9061
MVGP_21_mcmc_result,117,0.10331162773027229,1.0,0.14018002511711722,0.9243,2.1205,4.4104,1.462,1.6971,3.1266,4.4927,1.3293,2.2359,1.2944
MVGP_21_mcmc_result,118,0.08856216100387841,1.0,0.14078816242368383,0.1423,2.6261,2.6438,2.3549,2.4951,3.9524,0.5256,4.9113,4.9513,4.2103
MVGP_21_mcmc_result,119,0.07378373085335171,0.9,0.15515404981620332,4.9955,1.3464,2.146,3.6401,2.8469,1.6721,4.0487,2.3271,1.7363,2.4401
MVGP_21_mcmc_result,120,0.20980551691636504,0.6,0.10439812711813165,2.874,4.7363,3.7862,1.2832,4.985,0.8709,1.7846,0.2086,0.319,0.4596
